Key,filename & rawValue,enkaId,sortId,en,chs,cht,jp,kr,fr,it,ru,de,vi
$asset.nameCard:UI_NameCardPic_0_P,UI_NameCardPic_0_P,210001,1,Genshin Impact: A New World,原神·印象,原神·印象,原神·印象,원신·인상,Genshin Impact - Un monde nouveau,Genshin Impact: Un mondo nuovo,Новый мир,Genshin Impact – Eindrücke,Nguyên Thần - Ấn Tượng
$asset.nameCard:UI_NameCardPic_Bp1_P,UI_NameCardPic_Bp1_P,210002,2,Travel Notes: Catch the Wind,纪行·捕风,紀行·補風,紀行·風捕り,기행·바람을 잡다,PB - Attrape-vent,Appunti di viaggio: Catturavento,Ловец ветра,Erlebnispass – Windfänger,Nhật Ký Hành Trình Của Gió
$asset.nameCard:UI_NameCardPic_Ambor_P,UI_NameCardPic_Ambor_P,210003,3,Amber: Bunny,安柏·兔兔,安柏·兔兔,アンバー·ウサギ,엠버·토끼,Amber - Baron Lapinou,Amber: Baron Coniglio,Барон Зайчик,Amber – Hoppel,Amber - Con Thỏ
$asset.nameCard:UI_NameCardPic_Klee_P,UI_NameCardPic_Klee_P,210004,4,Klee: Explosive,可莉·爆弹,可莉·爆彈,クレー·爆弾,클레·폭탄,Klee - Chaud devant !,Klee: Bomba,Бомбочка,Klee – Bombe,Klee - Thuốc Nổ
$asset.nameCard:UI_NameCardPic_Diluc_P,UI_NameCardPic_Diluc_P,210005,5,Diluc: Flames,迪卢克·燃烧,迪盧克·燃燒,ディルック·燃焼,다이루크·연소,Diluc - Flambée mortelle,Diluc: Fiamme infernali,Огненная птица,Diluc – Flammen,Diluc - Thiêu Đốt
$asset.nameCard:UI_NameCardPic_Razor_P,UI_NameCardPic_Razor_P,210006,6,Razor: Wolvensprint,雷泽·奔狼,雷澤·奔狼,レザー·奔狼,레이저·울프,Razor - Affaire de loups,Razor: Lupo scattante,Дух волка,Razor – Laufender Wolf,Razor - Sói Chạy
$asset.nameCard:UI_NameCardPic_Venti_P,UI_NameCardPic_Venti_P,210007,7,Venti: Azure Sky,温迪·天青,溫迪·天青,ウェンティ·青空,벤티·맑은 하늘,Venti - Ciel d'azur,Venti: Cielo azzurro,Небесная лира,Venti – Blauer Himmel,Venti - Bầu Trời Xanh
$asset.nameCard:UI_NameCardPic_Qin_P,UI_NameCardPic_Qin_P,210008,8,Jean: The Winds' Course,琴·风向,琴·風向,ジン·風向き,진·풍향,Jean - Course du vent,Jean: Corso del vento,Одуванчики,Jean – Windrichtung,Jean - Hướng Gió
$asset.nameCard:UI_NameCardPic_Barbara_P,UI_NameCardPic_Barbara_P,210009,9,Barbara: Flow,芭芭拉·流淌,芭芭拉·流淌,バーバラ·流れ,바바라·흐름,Barbara - Thérapeutique,Barbara: Flusso,Мелодия,Barbara – Fließendes Wasser,Barbara - Dòng Chảy
$asset.nameCard:UI_NameCardPic_Kaeya_P,UI_NameCardPic_Kaeya_P,210010,10,Kaeya: Pavo Ocellus,凯亚·孔雀,凱亞·孔雀,ガイア·孔雀,케이아·공작,Kaeya - Pavo Ocellus,Kaeya: Pavo Ocellus,Павлин,Kaeya – Pfau,Kaeya - Khổng Tước
$asset.nameCard:UI_NameCardPic_Lisa_P,UI_NameCardPic_Lisa_P,210011,11,Lisa: Tempus Fugit,丽莎·沙漏,麗莎·沙漏,リサ·砂時計,리사·모래시계,Lisa - Tempus Fugit,Lisa: Tempus Fugit,Пески времени,Lisa – Sanduhr,Lisa - Đồng Hồ Cát
$asset.nameCard:UI_NameCardPic_Sucrose_P,UI_NameCardPic_Sucrose_P,210012,12,Sucrose: Bio-Alchemy,砂糖·创生,砂糖·創生,スクロース·創生,설탕·창생,Sucrose - Bio-alchimie,Sucrose: Bioalchimia,Воздушный дух,Saccharose – Schaffung von Leben,Sucrose - Sáng Tạo
$asset.nameCard:UI_NameCardPic_Fischl_P,UI_NameCardPic_Fischl_P,210013,13,Fischl: Night Raven,菲谢尔·夜鸦,菲謝爾·夜鴉,フィッシュル·夜鴉,피슬·까마귀,Fischl - Corbeau de la nuit,Fischl: Corvo della notte,Вестник ночи,Fischl – Nachtrabe,Fischl - Quạ Bóng Đêm
$asset.nameCard:UI_NameCardPic_Noel_P,UI_NameCardPic_Noel_P,210014,14,Noelle: Protector,诺艾尔·守护,諾艾爾·守護,ノエル·守護,노엘·수호,Noëlle - Protection,Noelle: Protezione,Щит,Noelle – Beschützer,Noelle - Bảo Vệ
$asset.nameCard:UI_NameCardPic_Mona_P,UI_NameCardPic_Mona_P,210015,15,Mona: Starry Sky,莫娜·天星,莫娜·天星,モナ·天星,모나·천성,Mona - Astromancie,Mona: Cielo stellato,Звёздная гладь,Mona – Einstürzender Himmel,Mona - Thiên Tinh
$asset.nameCard:UI_NameCardPic_Bennett_P,UI_NameCardPic_Bennett_P,210016,16,Bennett: Recognition,班尼特·认可,班尼特·認可,ベネット·認可,베넷·인정,Bennett - Gratitude,Bennett: Gratitudine,Одобрение,Bennett – Anerkennung,Bennett - Chấp Nhận
$asset.nameCard:UI_NameCardPic_Xiangling_P,UI_NameCardPic_Xiangling_P,210017,17,Xiangling: Fresh from the Pan,香菱·出锅,香菱·出鍋,香菱·出来上がり,향릉·완성,Xiangling - Gooba,Xiangling: È pronto!,Горячий Гоба,Xiangling – Frisch aus dem Topf,Xiangling - Nấu Xong
$asset.nameCard:UI_NameCardPic_Xingqiu_P,UI_NameCardPic_Xingqiu_P,210018,18,Xingqiu: Rainbow,行秋·雨虹,行秋·雨虹,行秋·雨虹,행추·무지개 비,Xingqiu - Bruine,Xingqiu: Arcobaleno,Мечи дождя,Xingqiu – Regenbogen,Xingqiu - Cầu Vồng
$asset.nameCard:UI_NameCardPic_Qiqi_P,UI_NameCardPic_Qiqi_P,210019,19,Qiqi: Cold Storage,七七·冷藏,七七·冷藏,七七·冷蔵,치치·냉장,Qiqi - Conservation,Qiqi: Refrigerazione,Вестник стужи,Qiqi – Kühlung,Qiqi - Đông Lạnh
$asset.nameCard:UI_NameCardPic_Keqing_P,UI_NameCardPic_Keqing_P,210020,20,Keqing: Lightning Stiletto,刻晴·雷楔,刻晴·雷楔,刻晴·雷楔,각청·번개못,Keqing - Lame de foudre,Keqing: Stiletto saettante,Громовой стилет,Keqing – Donnerkeil,Keqing - Đá Lôi
$asset.nameCard:UI_NameCardPic_Csxy1_P,UI_NameCardPic_Csxy1_P,210021,21,Achievement: Explorer,成就·游遍,成就·遊遍,アチーブメント·遍遊,업적·편유,Succès - Pérégrinations,Obiettivo: Esplorazione,Исследователь,Errungenschaft – Entdeckung,Thành tựu - Đi khắp nơi
$asset.nameCard:UI_NameCardPic_Mxsy_P,UI_NameCardPic_Mxsy_P,210022,22,Achievement: Virtuoso,成就·殊技,成就·殊技,アチーブメント·特技,업적·특기,Succès - Virtuose,Obiettivo: Virtuosismo,Профессионал,Errungenschaft – Eigenart,Thành Tựu - Đặc Kỹ
$asset.nameCard:UI_NameCardPic_Yxzl_P,UI_NameCardPic_Yxzl_P,210023,23,Achievement: Hero,成就·侠行,成就·俠行,アチーブメント·侠行,업적·협행,Succès - Héroïque périple,Obiettivo: Eroismo,Герой,Errungenschaft – Heldentum,Thành tựu - Hành hiệp
$asset.nameCard:UI_NameCardPic_Md_P,UI_NameCardPic_Md_P,210024,24,Mondstadt: Whistling Wind,蒙德·风吟,蒙德·風吟,モンド·風吟,몬드·바람의 속삭임,Mondstadt - Chant du vent,Mondstadt: Vento mormorante,Песнь ветра,Mondstadt – Rauschen des Windes,Mondstadt - Tiếng gió
$asset.nameCard:UI_NameCardPic_Ly_P,UI_NameCardPic_Ly_P,210025,25,Liyue: Stillness of Stone,璃月·岩寂,璃月·岩寂,璃月·岩寂,리월·적막한 바위,Liyue - Paix de la roche,Liyue: Quiete di roccia,Каменный покой,Liyue – Stille der Steine,Liyue - Sự cô đơn của đá
$asset.nameCard:UI_NameCardPic_Yszj_P,UI_NameCardPic_Yszj_P,210026,26,Achievement: Colors of the Rainbow,成就·虹色,成就·虹色,アチーブメント·虹色,업적·무지개색,Succès - Prisme,Obiettivo: Colori dell'arcobaleno,Цвета радуги,Errungenschaft – Bunte Farben,Thành tựu - Màu sắc cầu vồng
$asset.nameCard:UI_NameCardPic_Sss_P,UI_NameCardPic_Sss_P,210027,27,Achievement: Bowmaster,成就·强弓,成就·強弓,アチーブメント·強弓,업적·강궁,Succès - Archerie,Obiettivo: Maestria dell'arco,Мастер лучник,Errungenschaft – Spannkraft,Thành tựu - Cung tên
$asset.nameCard:UI_NameCardPic_Tzz1_P,UI_NameCardPic_Tzz1_P,210028,28,Achievement: Challenger,成就·挑战,成就·挑戰,アチーブメント·挑戦,업적·도전,Succès - Défi,Obiettivo: Competitività,Испытания,Errungenschaft – Herausforderung,Thành tựu - Khiêu chiến
$asset.nameCard:UI_NameCardPic_Sj1_P,UI_NameCardPic_Sj1_P,210029,29,Achievement: Deep &amp; Dark,成就·深秘,成就·深秘,アチーブメント·深秘,업적·깊은 비밀,Succès - Secrets profonds,Obiettivo: Segreti profondi,Глубины бездны,Errungenschaft – Voller Rätsel,Thành tựu - Thần Bí
$asset.nameCard:UI_NameCardPic_Olah1_P,UI_NameCardPic_Olah1_P,210030,30,Achievement: Hill Dwellers,成就·山民,成就·山民,アチーブメント·山民,업적·산 부족,Succès - Brutaux des collines,Obiettivo: Abitanti delle colline,Горный житель,Errungenschaft – Bergbewohner,Thành tựu - Sơn dân
$asset.nameCard:UI_NameCardPic_Zdg1_P,UI_NameCardPic_Zdg1_P,210031,31,Achievement: Snowy Land,成就·雪乡,成就·雪鄉,アチーブメント·雪郷,업적·눈의 땅,Succès - Pays de la neige,Obiettivo: Terra della Neve,Вечный холод,Errungenschaft – Verschneite Landschaft,Thành tựu - Quê hương của tuyết
$asset.nameCard:UI_NameCardPic_Lyws1_P,UI_NameCardPic_Lyws1_P,210032,32,Achievement: Cliffhanger,成就·合扇,成就·闔扇,アチーブメント·合扇,업적·부채,Succès - Suspense,Obiettivo: Suspense,Неожиданный поворот,Errungenschaft – Bekannte Geschichten,Thành tựu - Cánh quạt
$asset.nameCard:UI_NameCardPic_Ysxf1_P,UI_NameCardPic_Ysxf1_P,210033,33,Achievement: Reunion,成就·相逢,成就·相逢,アチーブメント·出会い,업적·만남,Succès - Rencontre,Obiettivo: Riunione,Долгожданная встреча,Errungenschaft – Wiedersehen,Thành tựu - Gặp gỡ
$asset.nameCard:UI_NameCardPic_Ningguang_P,UI_NameCardPic_Ningguang_P,210038,34,Ningguang: Phoenix,凝光·凤仪,凝光·鳳儀,凝光·鳳儀,응광·봉황의 자태,Ningguang - Phénix,Ningguang: Fenice,Величие феникса,Ningguang – Phönix,Ningguang - Cốt cách phượng hoàng
$asset.nameCard:UI_NameCardPic_Beidou_P,UI_NameCardPic_Beidou_P,210039,35,Beidou: Weighing Anchor,北斗·拔锚,北斗·拔錨,北斗·拔錨,북두·출항,Beidou - Levée d'ancre,Beidou: Tempo di salpare,Якорь,Beidou – Ankerlichtung,Beidou - Nhổ neo
$asset.nameCard:UI_NameCardPic_Chongyun_P,UI_NameCardPic_Chongyun_P,210040,36,Chongyun: Spirit Blade,重云·灵刃,重雲·靈刃,重雲·霊刃,중운·영도,Chongyun - Lame de l'esprit,Chongyun: Lama spirituale,Духовные лезвия,Chongyun – Seelenklinge,Chongyun - Linh nhẫn
$asset.nameCard:UI_NameCardPic_Tzz2_P,UI_NameCardPic_Tzz2_P,210041,37,Achievement: Challenger II,成就·挑战·其二,成就·挑戰·其二,アチーブメント·挑戦·2,업적·도전·두 번째,Succès - Défi (2),Obiettivo: Competitività II,Испытания II,"Errungenschaft – Herausforderung, die Zweite",Thành tựu - Khiêu chiến (II)
$asset.nameCard:UI_NameCardPic_Bp2_P,UI_NameCardPic_Bp2_P,210042,38,Travel Notes: Fading Star,纪行·熄星,紀行·熄星,紀行·熄星,기행·꺼진 별,PB - Météorite,Appunti di viaggio: Stella cadente,Погасшая звезда,Erlebnispass: Schwindende Sterne,Khởi Hành-Tức Tinh
$asset.nameCard:UI_NameCardPic_Diona_P,UI_NameCardPic_Diona_P,210043,39,Diona: Meow!,迪奥娜·呜喵,迪奧娜·嗚喵,ディオナ·にゃん,디오나·냐옹,Diona - Miaou !,Diona: Miao!,Мяу-мяу!,Diona – Miau!,Diona - Meo
$asset.nameCard:UI_NameCardPic_Zhongli_P,UI_NameCardPic_Zhongli_P,210044,40,Zhongli: Planet Befall,钟离·天星,鍾離·天星,鍾離·天星,종려·천성,Zhongli - Chute de météore,Zhongli: Pioggia meteoritica,Падение кометы,Zhongli – Einstürzender Himmel,Zhongli - Thiên Tinh
$asset.nameCard:UI_NameCardPic_Xinyan_P,UI_NameCardPic_Xinyan_P,210045,41,Xinyan: Song's End,辛焱·唱罢,辛焱·唱罷,辛炎·演奏終了,신염·연주 끝,Xinyan - Final,Xinyan: Finale,Музыка свободы,Xinyan – Ende des Lieds,Xinyan - Sau khi hát
$asset.nameCard:UI_NameCardPic_Tartaglia_P,UI_NameCardPic_Tartaglia_P,210046,42,Childe: Foul Legacy,公子·魔装,公子·魔裝,公子·魔装,타르탈리아·마왕 무장,Tartaglia - Posture du démon,Principe: Eredità immonda,Маска,Graf – Dämonengewand,Childe - Quỷ Trang
$asset.nameCard:UI_NameCardPic_Md2_P,UI_NameCardPic_Md2_P,210047,43,Mondstadt: Hero's Fame,蒙德·英名,蒙德·英名,モンド·英名,몬드·명예,Mondstadt - Célébrité,Mondstadt: Fama dell'eroe,Почётный рыцарь,Mondstadt – Heldenruhm,Mondstadt - Lẫy Lừng
$asset.nameCard:UI_NameCardPic_Md1_P,UI_NameCardPic_Md1_P,210048,44,Mondstadt: Blessing,蒙德·祝愿,蒙德·祝願,モンド·祝福,몬드·축복,Mondstadt - Vœux,Mondstadt: Benedizione,Молитва,Mondstadt – Segen,Mondstadt - Chúc Phúc
$asset.nameCard:UI_NameCardPic_Ly1_P,UI_NameCardPic_Ly1_P,210049,45,Liyue: A Thousand Ships,璃月·千帆,璃月·千帆,璃月·千帆,리월·천범,Liyue - Navires,Liyue: Mille navi,Паруса,Liyue – Tausend Segel,Liyue - Thiên Phàm
$asset.nameCard:UI_NameCardPic_Ly2_P,UI_NameCardPic_Ly2_P,210050,46,Liyue: In the Clouds,璃月·云间,璃月·雲間,璃月·雲間,리월·구름,Liyue - Dans les nuages,Liyue: Tra le nuvole,Среди облаков,Liyue – In den Wolken,Liyue - Vân Gián
$asset.nameCard:UI_NameCardPic_Tzz3_P,UI_NameCardPic_Tzz3_P,210051,47,Achievement: Challenger III,成就·挑战·其三,成就·挑戰·其三,アチーブメント·挑戦·3,업적·도전·세 번째,Succès - Défi (3),Obiettivo: Competitività III,Испытания III,"Errungenschaft – Herausforderung, die Dritte",Thành tựu - Khiêu chiến (III)
$asset.nameCard:UI_NameCardPic_Xssdlk_P,UI_NameCardPic_Xssdlk_P,210052,48,Achievement: Snowy Summit,成就·雪峰,成就·雪峰,アチーブメント·雪山,업적·설봉,Succès - Sommet enneigé,Obiettivo: Sommità innevata,Снежный пик,Errungenschaft – Schneegipfel,Thành tựu - Đỉnh tuyết
$asset.nameCard:UI_NameCardPic_Ganyu_P,UI_NameCardPic_Ganyu_P,210053,49,Ganyu: Qilin,甘雨·麟迹,甘雨·麟跡,甘雨·麒麟の跡,감우·기린 흔적,Ganyu - Qilin,Ganyu: Qilin,Цилинь,Ganyu – Qilin,Ganyu - Lân Tích
$asset.nameCard:UI_NameCardPic_Albedo_P,UI_NameCardPic_Albedo_P,210054,50,Albedo: Sun Blossom,阿贝多·阳花,阿貝多·陽花,アルベド·陽華,알베도·태양꽃,Albedo - Radiance solaire,Albedo: Fiore del sole,Цветок солнца,Albedo – Sonneneruption,Albedo - Hướng Dương
$asset.nameCard:UI_NameCardPic_Bp3_P,UI_NameCardPic_Bp3_P,210055,51,Travel Notes: Chalk,纪行·白垩,紀行·白堊,紀行·白亜,기행·백악,PB - Craie,Appunti di viaggio: Gesso,Мел,Erlebnispass – Kreide,Nhật Ký Hành Trình - Vôi Trắng
$asset.nameCard:UI_NameCardPic_ElderTree_P,UI_NameCardPic_ElderTree_P,210056,52,Frostbearing: Ancient Tree,忍冬·古树,忍冬·古樹,冬忍び·古樹,인동·고목,Permagel - Arbre ancien,Geleterno: Albero antico,Древнее дерево,Permafrost – Alter Baum,Chịu Lạnh - Cổ Thụ
$asset.nameCard:UI_NameCardPic_EffigyChallenge_P,UI_NameCardPic_EffigyChallenge_P,210057,53,Celebration: Hypostasis,庆典·无相,慶典·無相,祭典·無相,축제·무상,Célébration - Hypostase,Celebrazione: Ipostasi,Гипостазис,Feierlichkeit – Hypostase,Lễ Hội - Nguyên Bản
$asset.nameCard:UI_NameCardPic_Xiao_P,UI_NameCardPic_Xiao_P,210058,54,Xiao: Mask,魈·傩面,魈·儺面,魈·儺面,소·가면,Xiao - Masque,Xiao: Maschera,Маска Якса,Xiao – Maske,Xiao - Mặt Nạ
$asset.nameCard:UI_NameCardPic_Hutao_P,UI_NameCardPic_Hutao_P,210059,55,Hu Tao: Spirit Soother,胡桃·安神,胡桃·安神,胡桃·安神,호두·정신 안정,Hu Tao - Pacificatrice,Hu Tao: Sollievo dello spirito,Упокоение духов,Hu Tao – Besänftigung,Hu Tao - An Thần
$asset.nameCard:UI_NameCardPic_Bp4_P,UI_NameCardPic_Bp4_P,210060,56,Travel Notes: Mingxiao,纪行·明霄,紀行·明霄,紀行·明霄,기행·명소,PB - Mingxiao,Appunti di viaggio: Mingxiao,Лунный фонарь,Erlebnispass – Mingxiao,Nhật Ký Hành Trình - Minh Tiêu
$asset.nameCard:UI_NameCardPic_LanternRite_P,UI_NameCardPic_LanternRite_P,210061,57,Celebration: Lantern-Light,庆典·灯昼,慶典·燈晝,祭典·灯昼,축제·밝은 등불,Célébration - Lanternes,Celebrazione: Luce delle lanterne,Свет фонаря,Feierlichkeit – Laternenlicht,Lễ Hội - Ánh Đèn
$asset.nameCard:UI_NameCardPic_TheatreMechanicus_P,UI_NameCardPic_TheatreMechanicus_P,210062,58,Celebration: Mechanicus,庆典·棋谭,慶典·棋譚,祭典·棋譚,축제·기담,Célébration - Échecs,Celebrazione: Teatro meccanico,Механикус,Feierlichkeit – Vorrichtungen,Lễ Hội - Cờ
$asset.nameCard:UI_NameCardPic_Rosaria_P,UI_NameCardPic_Rosaria_P,210063,59,Rosaria: Indenture,罗莎莉亚·苦役,蘿莎莉亞·苦役,ロサリア·苦役,로자리아·고역,Rosalia - Éternel labeur,Rosaria: Obbligo,Каторга,Rosaria – Knechtschaft,Rosaria - Khổ Sai
$asset.nameCard:UI_NameCardPic_Bp5_P,UI_NameCardPic_Bp5_P,210064,60,Travel Notes: Windblume,纪行·风花,紀行·風花,紀行·風花,기행·윈드블룸,PB - Alizée,Appunti di viaggio: Florvento,Анемония,Erlebnispass – Windblumen,Nhật Ký Hành Trình Hoa Gió
$asset.nameCard:UI_NameCardPic_RedandWhite_P,UI_NameCardPic_RedandWhite_P,210065,61,Celebration: Feast,庆典·盛宴,慶典·盛宴,祭典·宴会,축제·연회,Célébration - Festin,Celebrazione: Banchetto,Великое пиршество,Feierlichkeit – Gelage,Lễ Hội - Tiệc Lớn
$asset.nameCard:UI_NameCardPic_Razer_P,UI_NameCardPic_Razer_P,210066,62,Celebration: Shining Scale,庆典·光鳞,慶典·光鱗,祭典·光鱗,축제·빛의 비늘,Célébration - Écaille brillante,Celebrazione: Squame splendenti,Сияющая чешуя,Feierlichkeit – Glitzernde Schuppe,Lễ Hội - Quang Lân
$asset.nameCard:UI_NameCardPic_ChannellerSlab_P,UI_NameCardPic_ChannellerSlab_P,210067,63,Celebration: Fruit of Wisdom,庆典·慧果,慶典·慧果,祭典·知恵の実,축제·지혜의 열매,Célébration - Fruit de la sagesse,Celebrazione: Frutto della saggezza,Плод мудрости,Feierlichkeit – Frucht der Weisheit,Lễ Hội - Tuệ Quả
$asset.nameCard:UI_NameCardPic_HideandSeek_P,UI_NameCardPic_HideandSeek_P,210068,64,Celebration: Peekaboo!,庆典·躲猫,慶典·躲貓,祭典·かくれんぼ,축제·숨바꼭질,Célébration - Coucou !,Celebrazione: Cucù!,Ку-ку!,Feierlichkeit – Versteckspiel,Lễ Hội - Trốn Tìm
$asset.nameCard:UI_NameCardPic_Feiyan_P,UI_NameCardPic_Feiyan_P,210069,65,Yanfei: Impartial,烟绯·公正,煙緋·公正,煙緋·公正,연비·공정,Yanfei - Impartialité,Yanfei: Imparzialità,Справедливость,Yanfei – Gerechtigkeit,Yanfei - Công Chính
$asset.nameCard:UI_NameCardPic_Eula_P,UI_NameCardPic_Eula_P,210070,66,Eula: Ice-Sealed,优菈·冰印,優菈·冰印,エウルア·氷印,유라·얼음 인장,Eula - Sceau de glace,Eula: Sigillo glaciale,Морозная печать,Eula – Eissiegel,Eula - Ấn Băng
$asset.nameCard:UI_NameCardPic_Bp6_P,UI_NameCardPic_Bp6_P,210071,67,Travel Notes: Sub-Space Recreation,纪行·绕尘,紀行·繞塵,紀行·廻塵,기행·얽힌 속세,PB - Autre monde,Appunti di viaggio: Mondi alternativi,Другая реальность,Erlebnispass – Raumschaffung,Nhật Ký Hành Trình - Dạo Bước Cõi Trần
$asset.nameCard:UI_NameCardPic_Homeworld_P,UI_NameCardPic_Homeworld_P,210072,68,Achievement: Tea Time,成就·壶歌,成就·壺歌,アチーブメント·壺歌,업적·주전자의 노래,Succès - Heure du thé,Obiettivo: Ora del tè,Чайная песня,Errungenschaft – Teezeit,Thành Tựu - Ấm Trần Ca
$asset.nameCard:UI_NameCardPic_Kazuha_P,UI_NameCardPic_Kazuha_P,210073,69,Kaedehara Kazuha: Autumn Maple-Viewing,枫原万叶·秋山椛狩,楓原萬葉·秋山椛狩,楓原万葉·秋の紅葉狩り,카에데하라 카즈하·가을의 단풍 사냥,Kazuha - Chasse en montagne d'automne,Kaedehara Kazuha: Montagne d'autunno,Любование клёном,Kaedehara Kazuha – Ahornschau im Herbst,Kaedehara Kazuha - Lặng Ngắm Núi Thu
$asset.nameCard:UI_NameCardPic_Bp7_P,UI_NameCardPic_Bp7_P,210074,70,Travel Notes: Midsummer,纪行·盛夏,紀行·盛夏,紀行·真夏,기행·한 여름,PB - Été,Appunti di viaggio: Piena estate,Летний зной,Erlebnispass – Hochsommer,Nhật Ký Hành Trình – Mùa Hè Rực Rỡ
$asset.nameCard:UI_NameCardPic_Homeworld1_P,UI_NameCardPic_Homeworld1_P,210075,71,Achievement: Vacation Home,成就·旅居,成就·旅居,アチーブメント·旅居,업적·객지 생활,Succès - Maison de vacances,Obiettivo: Casa vacanze,Дом отдыха,Errungenschaft – Feriendomizil,Thành tựu – Cư trú
$asset.nameCard:UI_NameCardPic_Google_P,UI_NameCardPic_Google_P,210076,72,Celebration: Vastness,庆典·浩瀚,慶典·浩瀚,祭典·浩瀚,축제·드넒음,Célébration - Immensité,Celebrazione: Immensità,Необъятность,Feierlichkeit – Unermesslichkeit,Lễ Hội - Bao La
$asset.nameCard:UI_NameCardPic_BounceConjuringChallenge_P,UI_NameCardPic_BounceConjuringChallenge_P,210077,73,Celebration: Kaboomball,庆典·魔球,慶典·魔球,祭典·魔球,축제·마구,Célébration - Badaboum,Celebrazione: Bombabum,Бабах-мяч,Feierlichkeit – Bumm-Bumm-Ball,Lễ Hội – Bóng Ma Thuật
$asset.nameCard:UI_NameCardPic_EffigyChallenge02_P,UI_NameCardPic_EffigyChallenge02_P,210078,74,Celebration: Battlesong,庆典·斗剧,慶典·鬥劇,祭典·闘劇,축제·투극,Célébration - Chant guerrier,Celebrazione: Canto di guerra,Песнь битвы,Feierlichkeit – Kampflied,Lễ Hội – Đấu Kịch
$asset.nameCard:UI_NameCardPic_Oraionokami_P,UI_NameCardPic_Oraionokami_P,210079,75,Inazuma: Sacred Sakura,稻妻·神樱,稻妻·神櫻,稲妻·神櫻,이나즈마·신성한 벚나무,Inazuma - Cerisier sacré,Inazuma: Sakura sacro,Священная сакура,Inazuma – Heilige Sakura,Inazuma - Anh Đào Thần
$asset.nameCard:UI_NameCardPic_Bp8_P,UI_NameCardPic_Bp8_P,210080,76,Travel Notes: Grand Narukami Shrine,纪行·鸣神大社,紀行·鳴神大社,紀行·鳴神大社,기행·나루카미 다이샤,PB - Sanctuaire de Narukami,Appunti di viaggio: Gran Santuario di Narukami,Великий храм Наруками,Erlebnispass – Großer Narukami-Schrein,Nhật Ký Hành Trình - Đền Narukami
$asset.nameCard:UI_NameCardPic_Ayaka_P,UI_NameCardPic_Ayaka_P,210081,77,Kamisato Ayaka: Folding Fan,神里绫华·扇子,神里綾華·扇子,神里綾華·扇子,카미사토 아야카·부채,Kamisato Ayaka - Éventail,Kamisato Ayaka: Ventaglio,Веер,Kamisato Ayaka – Fächer,Kamisato Ayaka - Cây Quạt
$asset.nameCard:UI_NameCardPic_Yoimiya_P,UI_NameCardPic_Yoimiya_P,210082,78,Yoimiya: Auratus Spark,长野原宵宫·琉金火花,長野原宵宮·琉金火花,長野原宵宮·琉金の花火,나가노하라 요이미야·유금불꽃,Naganohara Yoimiya - Étincelle dorée,Naganohara Yoimiya: Scintilla d'Auratus,Искры золотой рыбки,Naganohara Yoimiya – Auratus-Funken,Naganohara Yoimiya - Hoa Lửa Kim Lưu
$asset.nameCard:UI_NameCardPic_Sayu_P,UI_NameCardPic_Sayu_P,210083,79,Sayu: Muji-Muji Daruma,早柚·不倒貉貉,早柚·不倒貉貉,早柚·むじむじだるま,사유·너구리 오뚝이,Sayu - Daruma Muji-muji,Sayu: Daruma Muji-muji,Мудзи-Мудзи Дарума,Sayu – Mujimuji-Daruma,Sayu - Muji-Muji Daruma
$asset.nameCard:UI_NameCardPic_Dq1_P,UI_NameCardPic_Dq1_P,210084,80,Inazuma: Raiden Emblem,稻妻·雷电之纹,稻妻·雷電之紋,稲妻·雷電の紋,이나즈마·번개의 문양,Inazuma - Emblème de Raiden,Inazuma: Emblema della Shogun,Эмблема Райдэн,Inazuma – Raiden-Wappen,Inazuma - Hoa Văn Lôi Điện
$asset.nameCard:UI_NameCardPic_Dq2_P,UI_NameCardPic_Dq2_P,210085,81,Inazuma: Kamisato Crest,稻妻·神里之纹,稻妻·神里之紋,稲妻·神里の紋,이나즈마·카미사토의 문양,Inazuma - Armoiries des Kamisato,Inazuma: Stemma dei Kamisato,Герб Камисато,Inazuma – Kamisato-Wappen,Inazuma - Hoa Văn Kamisato
$asset.nameCard:UI_NameCardPic_Ysxf2_P,UI_NameCardPic_Ysxf2_P,210086,82,Achievement: Gate,成就·门扉,成就·門扉,アチーブメント·扉,업적·문,Succès - Porte,Obiettivo: Porta,Врата,Errungenschaft – Tür,Thành Tựu - Cánh Cửa
$asset.nameCard:UI_NameCardPic_Csxy2_P,UI_NameCardPic_Csxy2_P,210087,83,Achievement: Traversal,成就·遍历,成就·遍歷,アチーブメント·遍歴,업적·누빔,Succès - Traversée,Obiettivo: Traversata,Преодоление,Errungenschaft – Reiseabenteuer,Thành Tựu - Trải qua
$asset.nameCard:UI_NameCardPic_Tzz4_P,UI_NameCardPic_Tzz4_P,210088,84,Achievement: Stone Dragon,成就·石龙,成就·石龍,アチーブメント·石龍,업적·석룡,Succès - Dragon de pierre,Obiettivo: Drago di pietra,Каменный дракон,Errungenschaft – Steindrache,Thành Tựu - Rồng Đá
$asset.nameCard:UI_NameCardPic_Homeworld2_P,UI_NameCardPic_Homeworld2_P,210089,85,Achievement: Full Bloom,成就·繁花,成就·繁花,アチーブメント·繁花,업적·무성한 꽃,Succès - Pleine floraison,Obiettivo: Piena fioritura,Пышное цветение,Errungenschaft – Volle Blüte,Thành Tựu - Trăm Hoa Đua Nở
$asset.nameCard:UI_NameCardPic_Daoqi1_P,UI_NameCardPic_Daoqi1_P,210090,86,Inazuma: Kujou Insignia,稻妻·九条之纹,稻妻·九條之紋,稲妻·九条の紋,이나즈마·쿠죠의 문양,Inazuma - Insigne de Kujou,Inazuma: Emblema dei Kujou,Герб Кудзё,Inazuma – Kujou-Wappen,Inazuma- Hoa Văn Kujou
$asset.nameCard:UI_NameCardPic_TheatreMechanicus2_P,UI_NameCardPic_TheatreMechanicus2_P,210091,87,Celebration: Wondrous Calculation,庆典·妙算,慶典·妙算,祭典·妙算,축제·묘책,Célébration - Ingéniosité,Celebrazione: Ingegnosità,Великолепный расчёт,Feierlichkeit – Erstaunliche Voraussicht,Lễ Hội - Thần Cơ Diệu Toán
$asset.nameCard:UI_NameCardPic_Shougun_P,UI_NameCardPic_Shougun_P,210092,88,Raiden Shogun: Enlightenment,雷电将军·开眼,雷電將軍·開眼,雷電将軍·開眼,라이덴 쇼군·개안,Shogun Raiden - Révélation,Shogun Raiden: Illuminazione,Просветление,Shougun Raiden – Aufklärung,Raiden Shogun - Thức Tỉnh
$asset.nameCard:UI_NameCardPic_Kokomi_P,UI_NameCardPic_Kokomi_P,210093,89,Sangonomiya Kokomi: The Deep,珊瑚宫心海·渊,珊瑚宮心海·淵,珊瑚宮心海·淵,산고노미야 코코미·해연,Sangonomiya Kokomi - Profondeurs,Sangonomiya Kokomi: Profondità,Морская бездна,Sangonomiya Kokomi – Tiefe,Sangonomiya Kokomi - Biển Sâu
$asset.nameCard:UI_NameCardPic_Sara_P,UI_NameCardPic_Sara_P,210094,90,Kujou Sara: Tengu,九条裟罗·天狗,九條裟羅·天狗,九条裟羅·天狗,쿠죠 사라·텐구,Kujou Sara - Tengu,Kujou Sara: Tengu,Тэнгу,Kujou Sara – Tengu,Kujou Sara - Tengu
$asset.nameCard:UI_NameCardPic_Aloy_P,UI_NameCardPic_Aloy_P,210095,91,Aloy: Dawn,埃洛伊·曙光记,亞蘿伊·黎明記,アーロイ·ドーン,에일로이·서광,Aloy - Aube,Aloy: Dawn,Рассвет,Aloy – Horizont,Aloy - Nhật Ký Bình Minh
$asset.nameCard:UI_NameCardPic_Bp9_P,UI_NameCardPic_Bp9_P,210096,92,Travel Notes: Moonchaser,纪行·逐月,紀行·逐月,紀行·月逐い,기행·축월,PB - Désilune,Appunti di viaggio: Inseguendo la luna,Лунная охота,Erlebnispass – Vollmondtanz,Nhật Ký Hành Trình - Trục Nguyệt
$asset.nameCard:UI_NameCardPic_Daoqi2_P,UI_NameCardPic_Daoqi2_P,210097,93,Inazuma: Sangonomiya Crest,稻妻·珊瑚宫之纹,稻妻·珊瑚宮之紋,稲妻·珊瑚宮の紋,이나즈마·산고노미야의 문장,Inazuma - Emblème de Sangonomiya,Inazuma: Stemma dei Sangonomiya,Герб Сангономии,Inazuma – Sangonomiya-Wappen,Inazuma - Hoa Văn Sangonomiya
$asset.nameCard:UI_NameCardPic_Fishing_P,UI_NameCardPic_Fishing_P,210098,94,Achievement: Nails,成就·敲针,成就·敲針,アチーブメント·針叩き,업적·바늘 꿰기,Succès - Clous,Obiettivo: Chiodi,Гвозди,Errungenschaft – Nadelhaken,Thành Tựu - Đập Kim
$asset.nameCard:UI_NameCardPic_Concert_P,UI_NameCardPic_Concert_P,210099,95,Celebration: Tuneful Delight,庆典·倾耳,慶典·傾耳,祭典·傾聴,축제·경청,Célébration - Délice mélodieux,Celebrazione: Delizia melodiosa,Внимательное ухо,Feierlichkeit – Lauschende Ohren,Lễ Hội - Lắng Nghe Giai Điệu
$asset.nameCard:UI_NameCardPic_Sumo_P,UI_NameCardPic_Sumo_P,210100,96,Celebration: Ikki,庆典·一揆,慶典·一揆,祭典·一揆,축제·봉기,Célébration - Ikki,Celebrazione: Ikki,Икки,Feierlichkeit – Ikki,Lễ Hội - Ikki
$asset.nameCard:UI_NameCardPic_Tohma_P,UI_NameCardPic_Tohma_P,210101,97,Thoma: Blazing Guard,托马·炎袖,托馬·炎袖,トーマ·炎袖,토마·화염의 견갑,Thomas - Brassards ardents,Thoma: Difesa ardente,Пламенный рукав,Thoma – Flammenarmpanzer,Thoma - Băng Đỏ
$asset.nameCard:UI_NameCardPic_Bp10_P,UI_NameCardPic_Bp10_P,210102,98,Travel Notes: Heavenly General,纪行·神将,紀行·神將,紀行·神将,기행·신장(神將),PB - Général céleste,Appunti di viaggio: Generale celeste,Божественный генерал,Erlebnispass – Himmlischer General,Nhật Ký Hành Trình - Thần Tướng
$asset.nameCard:UI_NameCardPic_Daoqi3_P,UI_NameCardPic_Daoqi3_P,210103,99,Inazuma: Eagleplume,稻妻·鹫羽,稻妻·鷲羽,稲妻·鷲羽,이나즈마·독수리의 깃털,Inazuma - Plume d'aigle,Inazuma: Piuma d'aquila,Перо орла,Inazuma – Adlerfeder,Inazuma - Lông Đại Bàng
$asset.nameCard:UI_NameCardPic_Gorou_P,UI_NameCardPic_Gorou_P,210104,100,Gorou: Leisurely Hound,五郎·悠犬,五郎·悠犬,ゴロー·悠犬,고로·한가한 강아지,Gorou - Chien serein,Gorou: Segugio tranquillo,Безмятежный пёс,Gorou – Gemächlicher Jagdhund,Gorou - Chó Nhàn Nhã
$asset.nameCard:UI_NameCardPic_Itto_P,UI_NameCardPic_Itto_P,210105,101,Itto: Oni Face,一斗·鬼颜,一斗·鬼顏,一斗·鬼顔,이토·오니 얼굴,Itto - Visage d'Oni,Itto: Faccia da oni,Лицо óни,Itto – Oni-Gesicht,Itto - Mặt Quỷ
$asset.nameCard:UI_NameCardPic_Bp11_P,UI_NameCardPic_Bp11_P,210106,102,Travel Notes: Lyratum,纪行·白英,紀行·白英,紀行·白英,기행·백영(白英),PB - Lyratum,Appunti di viaggio: Lyratum,Паслён,Erlebnispass – Lyratum,Nhật Ký Hành Trình - Lyratum
$asset.nameCard:UI_NameCardPic_Shenhe_P,UI_NameCardPic_Shenhe_P,210107,103,Shenhe: Comb,申鹤·栉掠,申鶴·櫛掠,申鶴·櫛掠,신학·빗질,Shenhe - Peigne,Shenhe: Pettine,Гребень,Shenhe – Kamm,Shenhe - Tiết Lược
$asset.nameCard:UI_NameCardPic_Yunjin_P,UI_NameCardPic_Yunjin_P,210108,104,Yun Jin: Rhyme,云堇·对韵,雲堇·對韻,雲菫·対韻,운근·압운(押韻),Yun Jin - Rime,Yun Jin: Rima,Рифма,Yun Jin – Reim,Yun Jin - Đối Âm
$asset.nameCard:UI_NameCardPic_Daoqi4_P,UI_NameCardPic_Daoqi4_P,210109,105,Inazuma: Tokoyo,稻妻·常世,稻妻·常世,稲妻·常世,이나즈마·영원의 나라,Inazuma - Tokoyo,Inazuma: Tokoyo,Токоё,Inazuma – Tokoyo,Inazuma - Tokoyo
$asset.nameCard:UI_NameCardPic_Bp12_P,UI_NameCardPic_Bp12_P,210110,106,Travel Notes: Flowing Hues,纪行·流彩,紀行·流彩,紀行·流彩,기행·유채,PB - Teinte fluide,Appunti di viaggio: Multicolore,Струящиеся оттенки,Erlebnispass – Flüchtige Farben,Nhật Ký Hành Trình - Sắc Màu
$asset.nameCard:UI_NameCardPic_Bartender_P,UI_NameCardPic_Bartender_P,210111,107,Celebration: Binge Vessel,庆典·觥筹,慶典·觥籌,祭典·祝杯,축제·술잔,Célébration - Enivrement,Celebrazione: Ebbrezza,Кубки и развлечения,Feierlichkeit – Trinkgelage,Tiệc Mừng - Linh Đình
$asset.nameCard:UI_NameCardPic_Yae1_P,UI_NameCardPic_Yae1_P,210112,108,Yae Miko: Kitsune Dreaming,八重神子·梦狐,八重神子·夢狐,八重神子·夢狐,야에 미코·여우의 꿈,Yae Miko - Kitsune rêveuse,Yae Miko: Kitsune onirica,Мечтательная кицунэ,Yae Miko – Fuchs im Traum,Yae Miko - Hồ Ly Mơ Mộng
$asset.nameCard:UI_NameCardPic_Bp13_P,UI_NameCardPic_Bp13_P,210113,109,Travel Notes: Awakening,纪行·蛰醒,紀行·蟄醒,紀行·啓蟄,기행·계칩,PB - Éveil,Appunti di viaggio: Risveglio,Пробуждение,Erlebnispass – Frühlingserwachen,Nhật Ký Hành Trình - Thức Tỉnh
$asset.nameCard:UI_NameCardPic_Ayato_P,UI_NameCardPic_Ayato_P,210114,110,Kamisato Ayato: Ripple,神里绫人·涟漪,神里綾人·漣漪,神里綾人·細波,카미사토 아야토·잔물결,Kamisato Ayato - Ondulation,Kamisato Ayato: Increspatura,Лёгкая зыбь,Kamisato Ayato – Wellen,Kamisato Ayato - Gợn Sóng
$asset.nameCard:UI_NameCardPic_LuminanceStone_P,UI_NameCardPic_LuminanceStone_P,210115,111,Lumens: Stone of Light,流明·辉石,流明·輝石,流明·輝石,유명·휘석,Lumen - Pierre de lumière,Lumen: Pietra della luce,Камень света,Lumen – Schimmernder Stein,Lưu Minh - Huy Thạch
$asset.nameCard:UI_NameCardPic_Tzz5_P,UI_NameCardPic_Tzz5_P,210116,112,Achievement: Thunderclap,成就·雷音,成就·雷音,アチーブメント·雷音,업적·뇌음,Succès - Coup de tonnerre,Obiettivo: Tuono,Раскат грома,Errungenschaft – Donnerdröhnen,Thành Tựu - Sấm Sét
$asset.nameCard:UI_NameCardPic_Cenyan1_P,UI_NameCardPic_Cenyan1_P,210117,113,Achievement: Chasm,成就·层岩,成就·層岩,アチーブメント·層岩,업적·층암,Succès - Gouffre,Obiettivo: Voragine,Разлом,Errungenschaft – Große Kluft,Thành Tựu - Núi Đá
$asset.nameCard:UI_NameCardPic_Bp14_P,UI_NameCardPic_Bp14_P,210118,114,Travel Notes: Irodori,纪行·容彩,紀行·容彩,紀行·容彩,기행·이로도리,PB - Irodori,Appunti di viaggio: Irodori,Иродори,Erlebnispass – Irodori,Nhật Ký Hành Trình - Irodori
$asset.nameCard:UI_NameCardPic_Yelan_P,UI_NameCardPic_Yelan_P,210119,115,Yelan: Throw,夜兰·一掷,夜蘭·一擲,夜蘭·一擲,야란·일척,Yelan - Jet,Yelan: Lancio,Бросок,Yelan – Würfel,Yelan - Đổ Xúc Xắc
$asset.nameCard:UI_NameCardPic_Shinobu_P,UI_NameCardPic_Shinobu_P,210120,116,Kuki Shinobu: Net,久岐忍·络,久岐忍·絡,久岐忍·絡,쿠키 시노부·그물,Kuki Shinobu - Tissage,Kuki Shinobu: Rete,Сеть,Kuki Shinobu – Netz,Kuki Shinobu - Lưới
$asset.nameCard:UI_NameCardPic_Bp15_P,UI_NameCardPic_Bp15_P,210121,117,Travel Notes: Divine Will,纪行·天命,紀行·天命,紀行·天命,기행·천명,PB - Destinée,Appunti di viaggio: Volontà divina,Провидение,Erlebnispass – Himmlischer Wille,Nhật Ký Hành Trình - Thiên Mệnh
$asset.nameCard:UI_NameCardPic_Heizo_P,UI_NameCardPic_Heizo_P,210122,118,Shikanoin Heizou: Temari,鹿野院平藏·鞠毬,鹿野院平藏·鞠毬,鹿野院平蔵·鞠,시카노인 헤이조·테마리,Shikanoin Heizou - Temari,Shikanoin Heizou: Temari,Тэмари,Shikanoin Heizou – Temari,Shikanoin Heizou - Temari
$asset.nameCard:UI_NameCardPic_Bp16_P,UI_NameCardPic_Bp16_P,210123,119,Travel Notes: Azure Main,纪行·海蓝,紀行·海藍,紀行·海藍,기행·바닷빛,PB - Azur marin,Appunti di viaggio: Grande blu,Лазурный берег,Erlebnispass – Meeresblau,Nhật Ký Hành Trình - Biển Xanh
$asset.nameCard:UI_NameCardPic_Tighnari_P,UI_NameCardPic_Tighnari_P,210124,120,Tighnari: Dew-Kissed,提纳里·沐露,提納里·沐露,ティナリ·沐露,타이나리·이슬 오일,Tighnari - Baigné de rosée,Tighnari: Rugiada della radiosità,Омовение росами,Tighnari – Vom Tau geküsst,Tighnari - Mộc Lộ
$asset.nameCard:UI_NameCardPic_Collei_P,UI_NameCardPic_Collei_P,210125,121,Collei: Good Virtue,柯莱·豹蔚,柯萊·豹蔚,コレイ·春風駘蕩,콜레이·표변,Collei - Vertu,Collei: Virtù,Благородство леопарда,Collei – Tugend,Collei - Quân Tử
$asset.nameCard:UI_NameCardPic_Dori_P,UI_NameCardPic_Dori_P,210126,122,Dori: Jinni,多莉·魔灯,多莉·魔燈,ドリー·魔法のランプ,도리·요술 램프,Dori - Lampe magique,Dori: Djinn,Джинн,Dori – Flaschengeist,Dori - Đèn Thần
$asset.nameCard:UI_NameCardPic_Bp17_P,UI_NameCardPic_Bp17_P,210127,123,Travel Notes: Woodlands,纪行·深林,紀行·深林,紀行·深林,기행·깊은 숲,PB - Fond des bois,Appunti di viaggio: Boschi,Чаща леса,Erlebnispass – Waldland,Nhật Ký Hành Trình - Rừng Sâu
$asset.nameCard:UI_NameCardPic_Csxy3_P,UI_NameCardPic_Csxy3_P,210128,124,Achievement: Roaming,成就·漫行,成就·漫行,アチーブメント·漫遊,업적·만행,Succès - Errance,Obiettivo: Viaggio,Странствие,Errungenschaft – Umherwandern,Thành tựu - Dạo Bước
$asset.nameCard:UI_NameCardPic_Ysxf3_P,UI_NameCardPic_Ysxf3_P,210129,125,Achievement: Fated Encounter,成就·逢缘,成就·逢緣,アチーブメント·合縁,업적·인연,Succès - Destin,Obiettivo: Incontro predestinato,Судьбоносная встреча,Errungenschaft – Schicksal,Thành tựu - Hữu Duyên
$asset.nameCard:UI_NameCardPic_Xm1_P,UI_NameCardPic_Xm1_P,210130,126,Sumeru: Shimmering Woods,须弥·瑶林,須彌·瑤林,スメール·瑶林,수메르·눈부신 숲,Sumeru - Bois scintillants,Sumeru: Selva splendente,Драгоценный лес,Sumeru – Schimmernde Wälder,Sumeru - Tiên Cảnh
$asset.nameCard:UI_NameCardPic_Xumi1_P,UI_NameCardPic_Xumi1_P,210131,127,Sumeru: Observance,须弥·照览,須彌·照覽,スメール·照覧,수메르·조람,Sumeru - Observance,Sumeru: Osservanza,Наблюдение,Sumeru – Beobachtung,Sumeru - Chiếu Rọi
$asset.nameCard:UI_NameCardPic_Xumi2_P,UI_NameCardPic_Xumi2_P,210132,128,Sumeru: Unsullied,须弥·正明,須彌·正明,スメール·正明,수메르·정명,Sumeru - Rectitude,Sumeru: Incontaminazione,Безупречность,Sumeru – Unbefleckt,Sumeru - Quang Minh
$asset.nameCard:UI_NameCardPic_Bp18_P,UI_NameCardPic_Bp18_P,210133,129,Travel Notes: Returning Winds,纪行·归风,紀行·歸風,紀行·帰風,기행·돌아온 바람,PB - Vent de retour,Appunti di viaggio: Venti di ritorno,Возвращение ветров,Erlebnispass – Heimkehr,Nhật Ký Hành Trình Gió Về
$asset.nameCard:UI_NameCardPic_Cyno_P,UI_NameCardPic_Cyno_P,210134,130,Cyno: Silence,赛诺·幽缄,賽諾·幽緘,セノ·噤閉,사이노·침묵,Cyno - Sérénité,Cyno: Silenzio,Спокойствие,Cyno – Innere Ruhe,Cyno - Yên Lặng
$asset.nameCard:UI_NameCardPic_Candace_P,UI_NameCardPic_Candace_P,210135,131,Candace: Gray Heron,坎蒂丝·苍鹭,坎蒂絲·蒼鷺,キャンディス·蒼鷺,캔디스·푸른빛 새,Candace - Héronne cendrée,Candace: Airone grigio,Серая цапля,Candace – Graureiher,Candace - Vạc Trời
$asset.nameCard:UI_NameCardPic_Nilou_P,UI_NameCardPic_Nilou_P,210136,132,Nilou: Lotus Dance,妮露·莲舞,妮露·蓮舞,ニィロウ·蓮舞,닐루·수련의 춤,Nilou - Danse du lotus,Nilou: Danza del loto,Танец лотоса,Nilou – Lotostanz,Nilou - Vũ Điệu Hoa Sen
$asset.nameCard:UI_NameCardPic_Yszj2_P,UI_NameCardPic_Yszj2_P,210137,133,Achievement: Seven Lights,成就·七芒,成就·七芒,アチーブメント·七芒,업적·일곱 개의 빛,Succès - Sept lumières,Obiettivo: Sette luci,Семь лучей,Errungenschaft – Sieben Farben,Thành Tựu - Bảy Tia Sáng
$asset.nameCard:UI_NameCardPic_Xm2_P,UI_NameCardPic_Xm2_P,210138,134,Sumeru: Sandtreader,须弥·踏沙,須彌·踏沙,スメール·砂踏み,수메르·모래 밟기,Sumeru - Marche-sable,Sumeru: Schiacciasabbia,Идущий по песку,Sumeru – Sandmeerwanderung,Sumeru - Giẫm Chân Lên Cát
$asset.nameCard:UI_NameCardPic_Tzz6_P,UI_NameCardPic_Tzz6_P,210139,135,Achievement: Mirrored Dreams,成就·镜梦,成就·鏡夢,アチーブメント·鏡の夢,업적·거울의 꿈,Succès - Rêves reflétés,Obiettivo: Sogni specchiati,Зеркальные воспоминания,Errungenschaft – Gespiegelte Träume,Thành Tựu - Giấc Mơ Phản Chiếu
$asset.nameCard:UI_NameCardPic_Nahida_P,UI_NameCardPic_Nahida_P,210140,136,Nahida: Crescent,纳西妲·仰月,納西妲·仰月,ナヒーダ·月を仰ぐ,나히다·초승달,Nahida - Croissant,Nahida: mezzaluna,Полумесяц,Nahida – Sichelmond,Nahida - Ngắm Trăng
$asset.nameCard:UI_NameCardPic_Layla_P,UI_NameCardPic_Layla_P,210141,137,Layla: Daydream,莱依拉·昼梦,萊依拉·晝夢,レイラ·白昼夢,레일라·백일몽,Layla - Rêverie,Layla: sogno a occhi aperti,Грёзы,Layla – Tagtraum,Layla - Giấc Mơ Ban Ngày
$asset.nameCard:UI_NameCardPic_Bp19_P,UI_NameCardPic_Bp19_P,210142,138,Travel Notes: Fungus Land,纪行·蕈原,紀行·蕈原,紀行·蕈原,기행·버섯 들판,PB - Fongisme,Appunti di viaggio: terra dei Miconoidi,Грибная страна,Erlebnispass – Pilzfeld,Nhật Ký Hành Trình Rừng Nấm
$asset.nameCard:UI_NameCardPic_Wanderer_P,UI_NameCardPic_Wanderer_P,210143,139,Wanderer: Drifter's Ballad,流浪者·浮歌,流浪者·浮歌,放浪者·憂き世の歌,방랑자·떠도는 자의 노래,Nomade - Ballade d'errance,Vagabondo: Ballata effimera,Баллада скитальца,Wanderer – Ballade des Herumtreibers,Kẻ Lang Thang - Phù Ca
$asset.nameCard:UI_NameCardPic_Faruzan_P,UI_NameCardPic_Faruzan_P,210144,140,Faruzan: Sealed Secret,珐露珊·封秘,琺露珊·封秘,ファルザン·封じられた秘密,파루잔·봉인된 비밀,Faruzan - Secret scellé,Faruzan: Segreto sigillato,Запечатанный секрет,Faruzan – Versiegelte Geheimnisse,Faruzan - Bí Mật Của Phong Ấn
$asset.nameCard:UI_NameCardPic_Gcg1_P,UI_NameCardPic_Gcg1_P,210145,141,Achievement: Invoker,成就·七圣,成就·七聖,アチーブメント·七聖,업적·일곱 성인,Succès - Invocateur,Obiettivo: Invokatore,Призыватель,Errungenschaft – Beschwörer,Thành Tựu - Thất Thánh
$asset.nameCard:UI_NameCardPic_Bp20_P,UI_NameCardPic_Bp20_P,210146,142,Travel Notes: Stellar Rivers,纪行·灵津,紀行·靈津,紀行·霊津,기행·은하수,PB - Rivières stellaires,Appunti di viaggio: Fiumi spirituali,Звёздные реки,Erlebnispass – Milchstraße,Nhật Ký Hành Trình - Dòng Đời
$asset.nameCard:UI_NameCardPic_Alhatham_P,UI_NameCardPic_Alhatham_P,210147,143,Alhaitham: Enlightenment,艾尔海森·诲明,艾爾海森·誨明,アルハイゼン·叡誨,알하이탐·충고,Alhaitham - Érudition,Alhaitham: Illuminazione,Прозрение,Alhaitham – Belehrsamkeit,Alhaitham - Giác Ngộ
$asset.nameCard:UI_NameCardPic_Yaoyao_P,UI_NameCardPic_Yaoyao_P,210148,144,Yaoyao: Yuegui,瑶瑶·月桂,瑤瑤·月桂,ヨォーヨ·月桂,요요·월계,Yaoyao - Yuegui,Yaoyao: Yuegui,Юэгуй,Yaoyao – Yuegui,Yaoyao - Nguyệt Quế
$asset.nameCard:UI_NameCardPic_Cadillac_P,UI_NameCardPic_Cadillac_P,210149,145,Celebration: Lenticular Clouds,庆典·岫云,慶典·岫雲,祭典·岫雲,축제·산 구름,Célébration - Nuage lenticulaire,Celebrazione: Nuvole lenticolari,Ленточные облака,Feierlichkeit – Linsenwolken,Lễ Hội - Mây Trôi
$asset.nameCard:UI_NameCardPic_Bp21_P,UI_NameCardPic_Bp21_P,210150,146,Travel Notes: Rhythm and Rhyme,纪行·合韵,紀行·合韻,紀行·同韻,기행·화음,PB - Rime,Appunti di viaggio: Rime in musica,Благозвучие,Erlebnispass – Reim,Nhật Ký Hành Trình - Hòa Tấu
$asset.nameCard:UI_NameCardPic_Xm3_P,UI_NameCardPic_Xm3_P,210151,147,Sumeru: Sandstorm,须弥·砂岚,須彌·砂嵐,スメール·砂嵐,수메르·모래폭풍,Sumeru - Tempête de sable,Sumeru: Tempesta di sabbia,Пыль,Sumeru – Sandsturm,Sumeru - Bão Cát
$asset.nameCard:UI_NameCardPic_Dehya_P,UI_NameCardPic_Dehya_P,210152,148,Dehya: Purifying Flame,迪希雅·净焰,迪希雅·淨焰,ディシア·浄焔,데히야·정화의 불꽃,Dehya - Feu purifiant,Dehya: Fiamma purificatrice,Очищающее пламя,Dehya – Unzähmbares Feuer,Dehya - Lửa Thiêng
$asset.nameCard:UI_NameCardPic_Mika_P,UI_NameCardPic_Mika_P,210153,149,Mika: Index,米卡·索引,米卡·索引,ミカ·インデックス,미카·색인,Mika - Index,Mika: Indice,Указатель,Mika – Index,Mika - Dẫn Lối
$asset.nameCard:UI_NameCardPic_Bp22_P,UI_NameCardPic_Bp22_P,210154,150,Travel Notes: Artful Intent,纪行·意巧,紀行·意巧,紀行·意楽,기행·절묘한 의도,PB - Débrouillardise,Appunti di viaggio: Intento ingegnoso,Искусный замысел,Erlebnispass – Zuneigung,Nhật Ký Hành Trình - Nghệ Thuật
$asset.nameCard:UI_NameCardPic_Baizhuer_P,UI_NameCardPic_Baizhuer_P,210155,151,Baizhu: Relief,白术·祛风,白朮·祛風,白朮·去風,백출·거풍,Baizhu - Soulagement,Baizhu: Sollievo,Облегчение,Baizhu – Vorbeugung,Baizhu - Khư Phong
$asset.nameCard:UI_NameCardPic_Kaveh_P,UI_NameCardPic_Kaveh_P,210156,152,Kaveh: Domed Court,卡维·穹庭,卡維·穹庭,カーヴェ·天穹の庭,카베·하늘의 돔,Kaveh - Firmament,Kaveh: Corte con cupola,Сводчатый дворец,Kaveh – Firmament,Kaveh - Vòm Trời
$asset.nameCard:UI_NameCardPic_Xm4_P,UI_NameCardPic_Xm4_P,210157,153,Achievement: Infinitum,成就·万种,成就·萬種,アチーブメント·万種,업적·모든 씨앗,Succès - Myriade,Obiettivo: Infinitum,Бесконечность,Errungenschaft – Unendliche Samen,Thành Tựu - Vạn Chủng
$asset.nameCard:UI_NameCardPic_Tzz7_P,UI_NameCardPic_Tzz7_P,210158,154,Achievement: Transient Twilight,成就·槿暮,成就·槿暮,アチーブメント·木槿の誰そ彼,업적·밤에 지는 꽃,Succès - Crépuscule éphémère,Obiettivo: Crepuscolo transiente,Сумерки перехода,Errungenschaft – Vergänglichkeit,Thành Tựu - Chạng Vạng
$asset.nameCard:UI_NameCardPic_Vasara_P,UI_NameCardPic_Vasara_P,210159,155,Sumeru: The Great Dream,须弥·大梦,須彌·大夢,スメール·大夢,수메르·큰 꿈,Sumeru - Grand rêve,Sumeru: Il Gran Sogno,Большая мечта,Sumeru – Großer Traum,Sumeru - Giấc Mộng
$asset.nameCard:UI_NameCardPic_OfferingPari_P,UI_NameCardPic_OfferingPari_P,210160,156,Sumeru: Amrita,须弥·甘露,須彌·甘露,スメール·甘露,수메르·감로,Sumeru - Amrita,Sumeru: Amrita,Амрита,Sumeru – Amrita,Sumeru - Amrita
$asset.nameCard:UI_NameCardPic_Bp23_P,UI_NameCardPic_Bp23_P,210161,157,Travel Notes: Crown of Glory,纪行·荣冕,紀行·榮冕,紀行·栄冠,기행·영광의 관,PB - Lauriers,Appunti di viaggio: Corona gloriosa,Корона славы,Erlebnispass – Blumenkranz,Nhật Ký Hành Trình - Vương Miện
$asset.nameCard:UI_NameCardPic_Kirara_P,UI_NameCardPic_Kirara_P,210162,158,Kirara: Neko Box,绮良良·猫箱,綺良良·貓箱,綺良々·猫箱,키라라·냥냥 상자,Kirara - Neko-colis,Kirara: Nekoscatola,Посылка нэко,Kirara – Neko-Kiste,Kirara - Bưu Kiện Mèo
$asset.nameCard:UI_NameCardPic_Bp24_P,UI_NameCardPic_Bp24_P,210163,159,Travel Notes: Secrets,纪行·秘典,紀行·秘典,紀行·秘典,기행·비전,PB - Secret d'invoqueur,Appunti di viaggio: Segreti,Секреты,Erlebnispass – Kodex,Nhật Ký Hành Trình - Triệu Hồi
$asset.nameCard:UI_NameCardPic_Bp25_P,UI_NameCardPic_Bp25_P,210164,160,Travel Notes: Vivid Illumination,纪行·溢彩,紀行·溢彩,紀行·溢彩,기행·눈부신 색채,PB - Enluminure,Appunti di viaggio: Illuminazione vivida,Сияющие цвета,Erlebnispass – Farbenquell,Nhật Ký Hành Trình - Chói Lọi
$asset.nameCard:UI_NameCardPic_Liney_P,UI_NameCardPic_Liney_P,210165,161,Lyney: Pretense,林尼·弄假,林尼·弄假,リネ·幻像,리니·거짓,Lyney - Simulacre,Lyney: Messinscena,Притворство,Lyney – Täuschung,Lyney - Giả Vờ
$asset.nameCard:UI_NameCardPic_Linette_P,UI_NameCardPic_Linette_P,210166,162,Lynette: Earnestness,琳妮特·成真,琳妮特·成真,リネット·実現,리넷·진심,Lynette - Intégrité,Lynette: Sincerità,Серьёзность,Lynette – Wahrwerden,Lynette - Thành Thật
$asset.nameCard:UI_NameCardPic_Freminet_P,UI_NameCardPic_Freminet_P,210167,163,Freminet: Progress,菲米尼·行进,菲米尼·行進,フレミネ·行進,프레미네·행진,Fréminet - Progrès,Freminet: Progressi,Прогресс,Fréminet – Vorwärts,Freminet - Tiếp Bước
$asset.nameCard:UI_NameCardPic_FD1_P,UI_NameCardPic_FD1_P,210168,164,Fontaine: Judgment,枫丹·审判,楓丹·審判,フォンテーヌ·審判,폰타인·심판,Fontaine - Jugement,Fontaine: Giudizio,Правосудие,Fontaine – Verhandlung,Fontaine - Thẩm Phán
$asset.nameCard:UI_NameCardPic_Ysxf4_P,UI_NameCardPic_Ysxf4_P,210169,165,Achievement: Orbits,成就·轨迹,成就·軌跡,アチーブメント·軌跡,업적·궤적,Succès - Chemins,Obiettivo: Orbite,Орбиты,Errungenschaft – Pfad,Thành Tựu - Quỹ Đạo
$asset.nameCard:UI_NameCardPic_Csxy4_P,UI_NameCardPic_Csxy4_P,210170,166,Achievement: Mariner,成就·游涉,成就·游涉,アチーブメント·漫遊,업적·물걸음,Succès - Vogue,Obiettivo: Marinaio,Мореход,Errungenschaft – Wandern,Thành Tựu - Du Ngoạn
$asset.nameCard:UI_NameCardPic_Fontaine1_P,UI_NameCardPic_Fontaine1_P,210171,167,Fontaine: Wondrous Machine,枫丹·奇械,楓丹·奇械,フォンテーヌ·奇械,폰타인·오토마톤,Fontaine - Technologie,Fontaine: Macchinario fantastico,Удивительный механизм,Fontaine – Innovation,Fontaine - Cỗ Máy Kỳ Diệu
$asset.nameCard:UI_NameCardPic_Fontaine2_P,UI_NameCardPic_Fontaine2_P,210172,168,Fontaine: Big News,枫丹·新闻,楓丹·新聞,フォンテーヌ·ニュース,폰타인·뉴스,Fontaine - Actualités,Fontaine: Grandi notizie,Новости,Fontaine – Nachrichten,Fontaine - Tin Tức
$asset.nameCard:UI_NameCardPic_Bp26_P,UI_NameCardPic_Bp26_P,210173,169,Travel Notes: Primordial Waters,纪行·源水,紀行·源水,紀行·源水,기행·원천,PB - Source des eaux,Appunti di viaggio: Acque primordiali,Первозданные воды,Erlebnispass – Quellwasser,Nhật Ký Hành Trình - Khởi Nguyên
$asset.nameCard:UI_NameCardPic_Neuvillette_P,UI_NameCardPic_Neuvillette_P,210174,170,Neuvillette: Surge,那维莱特·流澜,那維萊特·流瀾,ヌヴィレット·浸透,느비예트·파란,Neuvillette - Afflux,Neuvillette: Sovratensione,Наплыв,Neuvillette – Welle,Neuvillette - Sóng Trào
$asset.nameCard:UI_NameCardPic_Wriothesley_P,UI_NameCardPic_Wriothesley_P,210175,171,Wriothesley: Detention,莱欧斯利·缄锁,萊歐斯利·緘鎖,リオセスリ·封鎖,라이오슬리·쇠사슬,Wriothesley - Détention,Wriothesley: Detenzione,Удержание,Wriothesley – Eingesperrt,Wriothesley - Khóa Chặt
$asset.nameCard:UI_NameCardPic_Bp27_P,UI_NameCardPic_Bp27_P,210176,172,Travel Notes: Falling Star,纪行·沉星,紀行·沉星,紀行·星没,기행·잠긴 별,PB - Étoile filante,Appunti di viaggio: Stella dei desideri,Падающая звезда,Erlebnispass – Sternregen,Nhật Ký Hành Trình - Sao Rơi
$asset.nameCard:UI_NameCardPic_Guqin_P,UI_NameCardPic_Guqin_P,210177,173,Celebration: Euphonia,庆典·奏雅,慶典·奏雅,祭典·奏雅,축제·우아한 선율,Célébration - Euphonie,Celebrazione: Euphonia,Благозвучие,Feierlichkeit – Bezaubernde Melodie,Lễ Hội - Nhã Tấu
$asset.nameCard:UI_NameCardPic_Tzz8_P,UI_NameCardPic_Tzz8_P,210178,174,Achievement: Perpetual,成就·永续,成就·永續,アチーブメント·永続,업적·영속,Succès - Perpétuité,Obiettivo: Perpetuum,Постоянство,Errungenschaft – Ewiger Fortlauf,Thành Tựu - Mãi Tiếp Bước
$asset.nameCard:UI_NameCardPic_FD2_P,UI_NameCardPic_FD2_P,210179,175,Fontaine: Redemption,枫丹·罚赎,楓丹·罰贖,フォンテーヌ·罰と贖い,폰타인·죄와 벌,Fontaine - Expiation,Fontaine: Redenzione,Искупление,Fontaine – Sühne,Fontaine - Chuộc Tội
$asset.nameCard:UI_NameCardPic_Furina_P,UI_NameCardPic_Furina_P,210180,176,Furina: Banquet,芙宁娜·欢宴,芙寧娜·歡宴,フリーナ·歓宴,푸리나·연회,Furina - Banquet,Furina: Banchetto,Банкет,Furina – Festmahl,Furina - Tiệc Mừng
$asset.nameCard:UI_NameCardPic_Charlotte_P,UI_NameCardPic_Charlotte_P,210181,177,Charlotte: Exclusive,夏洛蒂·独家,夏洛蒂·獨家,シャルロット·独占,샤를로트·독점 보도,Charlotte - Scoop,Charlotte: Esclusiva,Эксклюзив,Charlotte – Exklusiv,Charlotte - Độc Quyền
$asset.nameCard:UI_NameCardPic_FD3_P,UI_NameCardPic_FD3_P,210182,178,Fontaine: Completeness,枫丹·浑然,楓丹·渾然,フォンテーヌ·調和,폰타인·혼연,Fontaine - Exhaustivité,Fontaine: Completezza,Полнота,Fontaine – Vervollständigung,Fontaine - Trọn Vẹn
$asset.nameCard:UI_NameCardPic_Bp28_P,UI_NameCardPic_Bp28_P,210183,179,Travel Notes: Whirling Waltz,纪行·旋舞,紀行·旋舞,紀行·旋舞,기행·원무,PB - Valse tournoyante,Appunti di viaggio: Valzer vorticoso,Вихрь вальса,Erlebnispass – Wirbeltanz,Nhật Ký Hành Trình - Vũ Điệu
$asset.nameCard:UI_NameCardPic_Navia_P,UI_NameCardPic_Navia_P,210184,180,Navia: Rosula,娜维娅·刺玫,娜維婭·刺玫,ナヴィア·棘薔薇,나비아·가시 장미,Navia - Rosula,Navia: Rosula,Росула,Navia – Rosula,Navia - Rosula
$asset.nameCard:UI_NameCardPic_Chevreuse_P,UI_NameCardPic_Chevreuse_P,210185,181,Chevreuse: Type II,夏沃蕾·贰型,夏沃蕾·貳型,シュヴルーズ·弐型,슈브르즈·제2형,Chevreuse - Type II,Chevreuse: Tipo II,Модель № 2,Chevreuse – Typ II,Chevreuse - Mẫu II
$asset.nameCard:UI_NameCardPic_Bp29_P,UI_NameCardPic_Bp29_P,210186,182,Travel Notes: Time Inscribed,纪行·时雕,紀行·時雕,紀行·時彫り,기행·시간의 각인,PB - Marque du temps,Appunti di viaggio: Iscrizione del tempo,Резьба по времени,Erlebnispass – Zeitgravur,Nhật Ký Hành Trình - Khắc Ghi
$asset.nameCard:UI_NameCardPic_Liuyun_P,UI_NameCardPic_Liuyun_P,210187,183,Xianyun: White Clouds,闲云·鹤云,閒雲·鶴雲,閑雲·鶴雲,한운·학 구름,Xianyun – Nuage blanc,Xianyun – Nuage blanc,Белые облака,Xianyun – Weiße Wolken,Xianyun – Mây Trắng
$asset.nameCard:UI_NameCardPic_Gaming_P,UI_NameCardPic_Gaming_P,210188,184,Gaming: Man Chai,嘉明·文仔,嘉明·文仔,嘉明·ウェンツァイ,가명·문동이,Gaming – Man Chai,Gaming – Man Chai,Ман Чай,Gaming – Man Chai,Gaming – A Văn
$asset.nameCard:UI_NameCardPic_Chenyu1_P,UI_NameCardPic_Chenyu1_P,210189,185,Achievement: Adeptal Valley,成就·仙谷,成就·仙谷,アチーブメント·仙谷,업적·선계 협곡,Succès - Vallée adeptale,Obiettivo: Valle adeptica,Долина Адептов,Errungenschaft – Adepten-Tal,Thành Tựu - Tiên Cốc
$asset.nameCard:UI_NameCardPic_OfferingSilong_P,UI_NameCardPic_OfferingSilong_P,210190,186,Achievement: Rainjade Rite,成就·投珑,成就·投瓏,アチーブメント·玉投げ,업적·옥 투척,Succès - Pluie de jades,Obiettivo: Rito della Giada pluviale,Брошенный нефрит,Errungenschaft – Jaderitual,Thành Tựu - Mưa Ngọc
$asset.nameCard:UI_NameCardPic_Bp30_P,UI_NameCardPic_Bp30_P,210191,187,Travel Notes: Vivid Flight,纪行·彩鹞,紀行·彩鷂,紀行·彩鷹,기행·오색 연,PB - Vol coloré,Appunti di viaggio: Colori in volo,Яркие птицы,Erlebnispass – Drachenpracht,Nhật Ký Hành Trình - Sắc Diều
$asset.nameCard:UI_NameCardPic_OST4_P,UI_NameCardPic_OST4_P,210192,188,Album: The Stellar Moments,专辑·闪耀的群星,專輯·閃耀的群星,アルバム·燦めく星たち,앨범·빛나는 뭇별,Album - Moments stellaires,Album: The Stellar Moments,The Stellar Moments,Album – The Stellar Moments,Tuyển Tập - Chòm Sao Lấp Lánh
$asset.nameCard:UI_NameCardPic_Chiori_P,UI_NameCardPic_Chiori_P,210193,189,Chiori: Spectacular Sleeves,千织·展袖,千織·展袖,千織·展袂,치오리·펼친 소매,Chiori - Manches spectaculaires,Chiori: Maniche mozzafiato,Развевающиеся рукава,Chiori – Spektakuläre Ärmel,Chiori - Tay Áo Trình Diễn
$asset.nameCard:UI_NameCardPic_Bp31_P,UI_NameCardPic_Bp31_P,210194,190,Travel Notes: Arcane Amassing,纪行·魔萃,紀行·魔萃,紀行·魔萃,기행·응축된 신비,PB - Arcanicité,Appunti di viaggio: Convergenza arcana,Мистическое скопление,Erlebnispass – Scheidekunst,Nhật Ký Hành Trình - Hóa Kỹ
$asset.nameCard:UI_NameCardPic_Arlecchino_P,UI_NameCardPic_Arlecchino_P,210195,191,Arlecchino: Edict,阿蕾奇诺·法度,阿蕾奇諾·法度,アルレッキーノ·規則,아를레키노·규칙,Arlecchino - Édit,Arlecchino: Editto,Правила,Arlecchino – Edikt,Arlecchino - Sắc Lệnh
$asset.nameCard:UI_NameCardPic_Deep_P,UI_NameCardPic_Deep_P,210196,192,Fontaine: Attunement,枫丹·调律,楓丹·調律,フォンテーヌ·調律,폰타인·조율,Fontaine - Harmonisation,Fontaine: Armonizzazione,Настройка инструмента,Fontaine – Abstimmung,Fontaine - Chỉnh Âm
$asset.nameCard:UI_NameCardPic_Tzz9_P,UI_NameCardPic_Tzz9_P,210197,193,Achievement: Whalewrangler,成就·掣鲸,成就·掣鯨,アチーブメント·掣鯨,업적·포경,Succès - Baleinier,Obiettivo: Cacciabalene,Укротитель китов,Errungenschaft – Walbändiger,Thành Tựu - Săn Cá Voi
$asset.nameCard:UI_NameCardPic_WishingPond_P,UI_NameCardPic_WishingPond_P,210198,194,Fontaine: Lucine,枫丹·露泉,楓丹·露泉,フォンテーヌ·ルキナ,폰타인·루키나 분수,Fontaine - Lucine,Fontaine: Lucine,Люсин,Fontaine – Tauwasserbrunnen,Fontaine - Suối Sương
$asset.nameCard:UI_NameCardPic_GreatFestivalV2_P,UI_NameCardPic_GreatFestivalV2_P,210199,195,Travel Notes: The Realms Rocked,纪行·邦摇,紀行·邦搖,紀行·邦魂,기행·로큰롤,PB - Rock-athon,Appunti di viaggio: Regni del rock,Рок-королевства,Erlebnispass – Rock ’n’ Roll,Nhật Ký Hành Trình - Rung Chuyển
$asset.nameCard:UI_NameCardPic_Clorinde_P,UI_NameCardPic_Clorinde_P,210200,196,Clorinde: Roleplay,克洛琳德·取人,克洛琳德·取人,クロリンデ·ロールプレイ,클로린드·역할극,Clorinde - Jeu de rôle,Clorinde: Gioco di ruolo,Ролевая игра,Clorinde: Rollenspiel,Clorinde - Nhập Vai
$asset.nameCard:UI_NameCardPic_Sigewinne_P,UI_NameCardPic_Sigewinne_P,210201,197,Sigewinne: Treatment,希格雯·疗法,希格雯·療法,シグウィン·治療法,시그윈·치료법,Sigewinne - Traitement,Sigewinne: Terapia,Терапия,Sigewinne: Behandlung,Sigewinne - Liệu Trình
$asset.nameCard:UI_NameCardPic_Sethos_P,UI_NameCardPic_Sethos_P,210202,198,Sethos: Ba Fragment,塞索斯·跋灵,塞索斯·跋靈,セトス·跋霊,세토스·바,Sethos - Fragment de Ba,Sethos: Frammento di Ba,Осколок Ба,Sethos – Ba-Fragment,Sethos - Bạt Linh
$asset.nameCard:UI_NameCardPic_RoleCombat_P,UI_NameCardPic_RoleCombat_P,210203,199,Achievement: Poetic Pages,成就·诗页,成就·詩頁,アチーブメント·詩のページ,업적·환상 시편,Succès - Poésie,Obiettivo: Pagine poetiche,Поэтичные страницы,Errungenschaften: Gedichtseiten,Thành Tựu - Trang Thơ
$asset.nameCard:UI_NameCardPic_Bp33_P,UI_NameCardPic_Bp33_P,210204,200,Travel Notes: Simulnation,纪行·衍演,紀行·衍演,紀行·演習,기행·모의전,PB - Simulnation,Appunti di viaggio: Politeama,Симуляция,Erlebnispass – Szenarien,Nhật Ký Hành Trình - Mô Phỏng