Key,SymbolName,EnkaID,filename,ascensionMaterial,en,chs,cht,jp,kr,fr,it,ru,de,vi
$asset.weapon:DullBlade,DullBlade,11101,UI_EquipIcon_Sword_Blunt,weaponDecarabian,Dull Blade,无锋剑,無鋒劍,無鋒の剣,무인검,Épée émoussée,Lama smussata,Тупой меч,Stumpfes Schwert,Vô Phong Kiếm
$asset.weapon:SilverSword,SilverSword,11201,UI_EquipIcon_Sword_Silver,weaponDecarabian,Silver Sword,银剑,銀劍,銀の剣,실버 소드,Épée en argent,Spada d'argento,Серебряный меч,Silberschwert,Kiếm Bạc
$asset.weapon:CoolSteel,CoolSteel,11301,UI_EquipIcon_Sword_Steel,weaponDecarabian,Cool Steel,冷刃,冷刃,冷刃,차가운 칼날,Lame froide,Lama fredda,Холодное лезвие,Kühle Klinge,Lãnh Nhẫn
$asset.weapon:HarbingerOfDawn,HarbingerOfDawn,11302,UI_EquipIcon_Sword_Dawn,weaponBorealWolf,Harbinger of Dawn,黎明神剑,黎明神劍,黎明の神剣,여명신검,Messager de l'Aube,Messaggera dell'alba,Предвестник зари,Schwert der Dämmerung,Thần Kiếm Lê Minh
$asset.weapon:TravelersHandySword,TravelersHandySword,11303,UI_EquipIcon_Sword_Traveler,weaponGladiator,Traveler's Handy Sword,旅行剑,旅行劍,旅道の剣,여행자의 검,Épée du voyageur,Spada del viaggiatore,Меч путешественника,Reiseschwert,Kiếm Lữ Hành
$asset.weapon:DarkIronSword,DarkIronSword,11304,UI_EquipIcon_Sword_Darker,weaponGuyun,Dark Iron Sword,暗铁剑,暗鐵劍,暗鉄剣,암철검,Épée en fer noir,Spada di ferro scuro,Тёмный железный меч,Dunkles Eisenschwert,Kiếm Sắt Đen
$asset.weapon:FilletBlade,FilletBlade,11305,UI_EquipIcon_Sword_Sashimi,weaponElixir,Fillet Blade,吃虎鱼刀,吃虎魚刀,チ虎魚の刀,흘호 생선회칼,Couteau à filets,Lama affilata,Филейный нож,Filetiermesser,Đao Săn Cá
$asset.weapon:SkyriderSword,SkyriderSword,11306,UI_EquipIcon_Sword_Mitsurugi,weaponAerosiderite,Skyrider Sword,飞天御剑,飛天御劍,飛天御剣,비천어검,Épée céleste,Spada del Cavalcacieli,Меч небесного всадника,Himmelsflug-Schwert,Kiếm Phi Thiên
$asset.weapon:FavoniusSword,FavoniusSword,11401,UI_EquipIcon_Sword_Zephyrus,weaponDecarabian,Favonius Sword,西风剑,西風劍,西風剣,페보니우스 검,Épée de Favonius,Spada di Favonius,Меч Фавония,Favonius-Schwert,Tây Phong Kiếm
$asset.weapon:TheFlute,TheFlute,11402,UI_EquipIcon_Sword_Troupe,weaponBorealWolf,The Flute,笛剑,笛劍,笛の剣,피리검,Flûte,Flauto,Меч-флейта,Flöte,Kiếm Sáo
$asset.weapon:SacrificialSword,SacrificialSword,11403,UI_EquipIcon_Sword_Fossil,weaponGladiator,Sacrificial Sword,祭礼剑,祭禮劍,祭礼の剣,제례검,Épée rituelle,Spada sacrificale,Церемониальный меч,Opferschwert,Kiếm Tế Lễ
$asset.weapon:RoyalLongsword,RoyalLongsword,11404,UI_EquipIcon_Sword_Theocrat,weaponDecarabian,Royal Longsword,宗室长剑,宗室長劍,旧貴族長剣,왕실의 장검,Épée longue royale,Spada lunga reale,Меч аристократов,Königliches Langschwert,Trường Kiếm Tông Thất
$asset.weapon:LionsRoar,LionsRoar,11405,UI_EquipIcon_Sword_Rockkiller,weaponGuyun,Lion's Roar,匣里龙吟,匣裡龍吟,匣中龍吟,용의 포효,Rugissement du Lion,Ruggito del leone,Драконий рык,Drachenschrei,Tiếng Hét Của Rồng
$asset.weapon:PrototypeRancour,PrototypeRancour,11406,UI_EquipIcon_Sword_Proto,weaponElixir,Prototype Rancour,试作斩岩,試作斬岩,斬岩·試作,참암 프로토타입,Tailleur de pierre (prototype),Prototipo del rancore,Прототип: Злоба,Steinschneider-Prototyp,Mẫu Trảm Nham
$asset.weapon:IronSting,IronSting,11407,UI_EquipIcon_Sword_Exotic,weaponAerosiderite,Iron Sting,铁蜂刺,鐵蜂刺,鉄蜂の刺し,강철 벌침,Piqûre de fer,Spina di ferro,Стальное жало,Eisenstich,Thiết Phong Kích
$asset.weapon:BlackcliffLongsword,BlackcliffLongsword,11408,UI_EquipIcon_Sword_Blackrock,weaponGuyun,Blackcliff Longsword,黑岩长剑,黑岩長劍,黒岩の長剣,흑암 장검,Épée longue de Rochenoire,Spada lunga di Rupenera,Черногорский длинный меч,Schwarzstein-Langschwert,Hắc Nham Trường Kiếm
$asset.weapon:TheBlackSword,TheBlackSword,11409,UI_EquipIcon_Sword_Bloodstained,weaponBorealWolf,The Black Sword,黑剑,黑劍,黒剣,칠흑검,Épée noire,Spada nera,Чёрный меч,Schwarzes Schwert,Kiếm Đen
$asset.weapon:TheAlleyFlash,TheAlleyFlash,11410,UI_EquipIcon_Sword_Outlaw,weaponDecarabian,The Alley Flash,暗巷闪光,暗巷閃光,ダークアレイの閃光,뒷골목의 섬광,Éclair des impasses,Luce nei vicoli,Вспышка во тьме,Gassenleuchte,Tia Sáng Nơi Hẻm Tối
$asset.weapon:SwordOfDescension,SwordOfDescension,11412,UI_EquipIcon_Sword_Psalmus,weaponBorealWolf,Sword of Descension,降临之剑,降臨之劍,降臨の剣,강림의 검,Épée de la descente,Spada della discensione,Меч нисхождения,Schwert der Niederkunft,Kiếm Giáng Lâm
$asset.weapon:FesteringDesire,FesteringDesire,11413,UI_EquipIcon_Sword_Magnum,weaponGladiator,Festering Desire,腐殖之剑,腐殖之劍,腐植の剣,부식의 검,Croc suppurant,Desiderio purulento,Осквернённое желание,Schwert der Verderbnis,Răng Nanh Rỉ Sét
$asset.weapon:AmenomaKageuchi,AmenomaKageuchi,11414,UI_EquipIcon_Sword_Bakufu,weaponDistantSea,Amenoma Kageuchi,天目影打刀,天目影打刀,天目影打,아메노마 카게우치가타나,Lame kageuchi d'Amenoma,Spada delle ombre,Амэнома Кагэути,Amenoma Kageuchi,Đoản Đao Amenoma
$asset.weapon:CinnabarSpindle,CinnabarSpindle,11415,UI_EquipIcon_Sword_Opus,weaponDecarabian,Cinnabar Spindle,辰砂之纺锤,辰砂之紡錘,シナバースピンドル,진사의 방추,Fuseau de cinabre,Spada cinabrica,Киноварное веретено,Zinnoberspindel,Con Thoi Chu Sa
$asset.weapon:KagotsurubeIsshin,KagotsurubeIsshin,11416,UI_EquipIcon_Sword_Youtou,weaponKijinMask,Kagotsurube Isshin,笼钓瓶一心,籠釣瓶一心,籠釣瓶一心,카고츠루베 잇신,Kagotsurube Isshin,Kagotsurube Isshin,Кагоцурубэ Иссин,Kagotsurube Isshin,Kagotsurube Isshin
$asset.weapon:SapwoodBlade,SapwoodBlade,11417,UI_EquipIcon_Sword_Arakalari,weaponTalisman,Sapwood Blade,原木刀,原木刀,原木刀,원목 검,Lame d'aubier,Lama di alburno,Деревянный клинок,Stammklinge,Kiếm Gỗ
$asset.weapon:XiphosMoonlight,XiphosMoonlight,11418,UI_EquipIcon_Sword_Pleroma,weaponTalisman,Xiphos' Moonlight,西福斯的月光,西福斯的月光,サイフォスの月明かり,크시포스의 달빛,Clair de lune de Xiphos,Chiarore di Xiphos,Лунное сияние ксифоса,Mondlicht von Xiphos,Ánh Trăng Xiphos
$asset.weapon:ToukabouShigure,ToukabouShigure,11422,UI_EquipIcon_Sword_Kasabouzu,weaponNarukami,Toukabou Shigure,东花坊时雨,東花坊時雨,東花坊時雨,꽃잎비,Pluie florale,Toukabou Shigure,Токабо сигурэ,Toukabou Shigure,Toukabou Shigure
$asset.weapon:WolfFang,WolfFang,11424,UI_EquipIcon_Sword_Boreas,weaponDecarabian,Wolf-Fang,狼牙,狼牙,狼牙,늑대 송곳니,Croc de loup,Zanna di lupo,Волчий клык,Wolfszahn,Nanh Sói
$asset.weapon:FinaleOfTheDeep,FinaleOfTheDeep,11425,UI_EquipIcon_Sword_Vorpal,weaponDewdrop,Finale of the Deep,海渊终曲,海淵終曲,海淵のフィナーレ,해연의 피날레,Final des profondeurs,Finale degli abissi,Грандиозный финал глубин,Finale in der Tiefe,Nhạc Khúc Biển Sâu
$asset.weapon:FleuveCendreFerryman,FleuveCendreFerryman,11426,UI_EquipIcon_Sword_Machination,weaponAncientChord,Fleuve Cendre Ferryman,灰河渡手,灰河渡手,サーンドルの渡し守,잿빛의 강 뱃사공,Passeur du Fleuve cendré,Traghettatore del Fleuve Cendre,Перевозчик Флёв Сандр,Schiffer des Fleuve Cendré,Ống Đồng Fleuve Cendre
$asset.weapon:TheDockhandsAssistant,TheDockhandsAssistant,11427,UI_EquipIcon_Sword_Mechanic,weaponDewdrop,The Dockhand's Assistant,船坞长剑,船塢長劍,船渠剣,뱃도랑 장검,L'assistant du docker,Aiutante del porto,Верфь,Werftklinge,Kiếm Bến Tàu
$asset.weapon:SwordOfNarzissenkreuz,SwordOfNarzissenkreuz,11428,UI_EquipIcon_Sword_Purewill,weaponAncientChord,Sword of Narzissenkreuz,水仙十字之剑,水仙十字之劍,水仙十字の剣,수선화 십자 성검,Lame du Narzissenkreuz,Spada di Narzissenkreuz,Меч Нарциссенкрейца,Schwert des Narzissenkreuzes,Lưỡi Kiếm Narzissenkreuz
$asset.weapon:FluteOfEzpitzal,FluteOfEzpitzal,11431,UI_EquipIcon_Sword_Isikhulu,weaponSacrificialHeart,Flute of Ezpitzal,息燧之笛,息燧之笛,エズピツァルの笛,에스피찰의 피리,Flûte d'ezpitzal,Flauto di Ezpitzal,Флейта Эспицаль,Ezpitzal-Flöte,Sáo Ezpitzal
$asset.weapon:AquilaFavonia,AquilaFavonia,11501,UI_EquipIcon_Sword_Falcon,weaponDecarabian,Aquila Favonia,风鹰剑,風鷹劍,風鷹剣,매의 검,Épée du faucon,Aquila Favonia,Меч Сокола,Windfalke,Phong Ưng Kiếm
$asset.weapon:SkywardBlade,SkywardBlade,11502,UI_EquipIcon_Sword_Dvalin,weaponBorealWolf,Skyward Blade,天空之刃,天空之刃,天空の刃,천공의 검,Lame de la Voûte d'Azur,Lama celeste,Небесный меч,Himmelsklinge,Thiên Không Kiếm
$asset.weapon:FreedomSworn,FreedomSworn,11503,UI_EquipIcon_Sword_Widsith,weaponGladiator,Freedom-Sworn,苍古自由之誓,蒼古自由之誓,蒼古なる自由への誓い,오래된 자유의 서약,Serment de la liberté,Giuramento di libertà,Клятва свободы,Blasser Schwur der Freiheit,Lời Thề Tự Do Cổ Xưa
$asset.weapon:SummitShaper,SummitShaper,11504,UI_EquipIcon_Sword_Kunwu,weaponGuyun,Summit Shaper,斫峰之刃,斫峰之刃,斬山の刃,참봉의 칼날,Tranche-sommets,Affettavette,Кромсатель пиков,Gipfelbrecher,Kiếm Chước Phong
$asset.weapon:PrimordialJadeCutter,PrimordialJadeCutter,11505,UI_EquipIcon_Sword_Morax,weaponElixir,Primordial Jade Cutter,磐岩结绿,磐岩結綠,磐岩結緑,반암결록,Coupeur de jade primordial,Spada di giada primordiale,Драгоценный омут,Moosgrüner Fels,Bàn Nham Kết Lục
$asset.weapon:MistsplitterReforged,MistsplitterReforged,11509,UI_EquipIcon_Sword_Narukami,weaponDistantSea,Mistsplitter Reforged,雾切之回光,霧切之回光,霧切の廻光,안개를 가르는 회광,Reflet de tranche-brume,Squarcianebbia riforgiata,Рассекающий туман,Widerschein des Nebelsplitters,Ánh Sáng Đêm Sương Mù
$asset.weapon:HaranGeppakuFutsu,HaranGeppakuFutsu,11510,UI_EquipIcon_Sword_Amenoma,weaponNarukami,Haran Geppaku Futsu,波乱月白经津,波亂月白經津,波乱月白経津,하란 월백의 후츠,Lune ondulante de Futsu,Haran Geppaku Futsu,Харан гэппаку фуцу,Haran Geppaku Futsu,Haran Geppaku Futsu
$asset.weapon:KeyOfKhajNisut,KeyOfKhajNisut,11511,UI_EquipIcon_Sword_Deshret,weaponTalisman,Key of Khaj-Nisut,圣显之钥,聖顯之鑰,聖顕の鍵,성현의 열쇠,Clé de Khaj-Nisut,Chiave del Khaj-Nisut,Ключ Хадж-нисут,Khaj-Nisut-Schlüssel,Chìa Khóa Khaj-Nisut
$asset.weapon:LightOfFoliarIncision,LightOfFoliarIncision,11512,UI_EquipIcon_Sword_Ayus,weaponTalisman,Light of Foliar Incision,裁叶萃光,裁葉萃光,萃光の裁葉,잎을 가르는 빛,Lumière d'incision foliaire,Lume del Taglio frondoso,Свет лиственного разреза,Licht der schneidenden Blätter,Ánh Lá Phán Quyết
$asset.weapon:SplendorOfStillWaters,SplendorOfStillWaters,11513,UI_EquipIcon_Sword_Regalis,weaponDewdrop,Splendor of Still Waters,静水流涌之辉,靜水流湧之輝,静水流転の輝き,조용히 샘솟는 빛,Splendeur des eaux calmes,Fulgore delle placide acque,Блеск тихих вод,Pracht des stillen Wassers,Sắc Nước Lộng Lẫy
$asset.weapon:UrakuMisugiri,UrakuMisugiri,11514,UI_EquipIcon_Sword_Needle,weaponDistantSea,Uraku Misugiri,有乐御簾切,有樂御簾切,有楽御簾切,우라쿠의 미스기리,Uraku Misugiri,Uraku Misugiri,Ураку мисугири,Uraku Misugiri,Uraku Misugiri
$asset.weapon:Absolution,Absolution,11515,UI_EquipIcon_Sword_Estoc,weaponAncientChord,Absolution,赦罪,赦罪,赦罪,사면,Absolution,Assoluzione,Отпущение грехов,Absolution,Xá Tội
$asset.weapon:WasterGreatsword,WasterGreatsword,12101,UI_EquipIcon_Claymore_Aniki,weaponBorealWolf,Waster Greatsword,训练大剑,訓練大劍,訓練用大剣,훈련용 대검,Épée d'entraînement,Spadone dell'incapace,Двуручный меч богатыря,Übungsgroßschwert,Kiếm Huấn Luyện
$asset.weapon:OldMercsPal,OldMercsPal,12201,UI_EquipIcon_Claymore_Oyaji,weaponBorealWolf,Old Merc's Pal,佣兵重剑,傭兵重劍,傭兵の重剣,용병 중검,Lame du mercenaire,Lama del mercenario,Лучший друг наёмника,Söldnerzweihänder,Kiếm Dụng Binh
$asset.weapon:FerrousShadow,FerrousShadow,12301,UI_EquipIcon_Claymore_Glaive,weaponDecarabian,Ferrous Shadow,铁影阔剑,鐵影闊劍,鉄影段平,강철의 그림자,Ombre ferreuse,Ombra di ferro,Металлическая тень,Eiserner Schatten,Kiếm Thiết Ảnh
$asset.weapon:BloodtaintedGreatsword,BloodtaintedGreatsword,12302,UI_EquipIcon_Claymore_Siegfry,weaponBorealWolf,Bloodtainted Greatsword,沐浴龙血的剑,沐浴龍血的劍,龍血を浴びた剣,드래곤 블러드 소드,Épée sanglante,Spadone insanguinato,Меч драконьей крови,Drachenblutschwert,Kiếm Huyết Rồng
$asset.weapon:WhiteIronGreatsword,WhiteIronGreatsword,12303,UI_EquipIcon_Claymore_Tin,weaponGladiator,White Iron Greatsword,白铁大剑,白鐵大劍,白鉄の大剣,백철 대검,Grande épée en fer blanc,Spadone di ferro bianco,Меч из белого железа,Weißes Eisengroßschwert,Kiếm Bạch Thiết
$asset.weapon:DebateClub,DebateClub,12305,UI_EquipIcon_Claymore_Reasoning,weaponElixir,Debate Club,以理服人,以理服人,理屈責め,훌륭한 대화수단,Épée de la raison,Mazza della persuasione,Дубина переговоров,Schlagfestes Argument,Gậy Thu Phục
$asset.weapon:SkyriderGreatsword,SkyriderGreatsword,12306,UI_EquipIcon_Claymore_Mitsurugi,weaponAerosiderite,Skyrider Greatsword,飞天大御剑,飛天大御劍,飛天大御剣,비천대어검,Grande épée céleste,Spadone del Cavalcacieli,Большой меч небесного всадника,Himmelsflug-Großschwert,Đại Kiếm Phi Thiên
$asset.weapon:FavoniusGreatsword,FavoniusGreatsword,12401,UI_EquipIcon_Claymore_Zephyrus,weaponGladiator,Favonius Greatsword,西风大剑,西風大劍,西風大剣,페보니우스 대검,Espadon de Favonius,Spadone di Favonius,Двуручный меч Фавония,Favonius-Großschwert,Đại Kiếm Tây Phong
$asset.weapon:TheBell,TheBell,12402,UI_EquipIcon_Claymore_Troupe,weaponDecarabian,The Bell,钟剑,鐘劍,鐘の剣,시간의 검,Épée-horloge,Spadone del tempo,Меч-колокол,Glocke,Kiếm Chuông
$asset.weapon:SacrificialGreatsword,SacrificialGreatsword,12403,UI_EquipIcon_Claymore_Fossil,weaponBorealWolf,Sacrificial Greatsword,祭礼大剑,祭禮大劍,祭礼の大剣,제례 대검,Espadon rituel,Spadone sacrificale,Церемониальный двуручный меч,Opfergroßschwert,Đại Kiếm Tế Lễ
$asset.weapon:RoyalGreatsword,RoyalGreatsword,12404,UI_EquipIcon_Claymore_Theocrat,weaponGladiator,Royal Greatsword,宗室大剑,宗室大劍,旧貴族大剣,왕실의 대검,Espadon royal,Spadone reale,Королевский двуручный меч,Königliches Großschwert,Đại Kiếm Tông Thất
$asset.weapon:Rainslasher,Rainslasher,12405,UI_EquipIcon_Claymore_Perdue,weaponElixir,Rainslasher,雨裁,雨裁,雨裁,빗물 베기,Fluorescence,Fendiluvio,Дождерез,Regenschnitter,Vũ Tài
$asset.weapon:PrototypeArchaic,PrototypeArchaic,12406,UI_EquipIcon_Claymore_Proto,weaponAerosiderite,Prototype Archaic,试作古华,試作古華,古華·試作,고화 프로토타입,Espadon (prototype),Prototipo arcaico,Прототип: Архаичный,Guhua-Prototyp,Mẫu Cổ Hoa
$asset.weapon:Whiteblind,Whiteblind,12407,UI_EquipIcon_Claymore_Exotic,weaponGuyun,Whiteblind,白影剑,白影劍,白影の剣,백영검,Ombre immaculée,Ombracandida,Белая тень,Weißer Schatten,Kiếm Bạch Ảnh
$asset.weapon:BlackcliffSlasher,BlackcliffSlasher,12408,UI_EquipIcon_Claymore_Blackrock,weaponElixir,Blackcliff Slasher,黑岩斩刀,黑岩斬刀,黒岩の斬刀,흑암참도,Trancheuse de Rochenoire,Grande lama di Rupenera,Черногорская бритва,Schwarzstein-Schneide,Hắc Nham Trảm Đao
$asset.weapon:SerpentSpine,SerpentSpine,12409,UI_EquipIcon_Claymore_Kione,weaponAerosiderite,Serpent Spine,螭骨剑,螭骨劍,螭龍の剣,이무기 검,Ossature du dragon,Spada d'osso di serpente,Меч драконьей кости,Knochenschwert,Kiếm Li Cốt
$asset.weapon:LithicBlade,LithicBlade,12410,UI_EquipIcon_Claymore_Lapis,weaponGuyun,Lithic Blade,千岩古剑,千岩古劍,千岩古剣,천암고검,Épée antique des Millelithes,Lama litica,Каменный меч,Antikes Millelithenschwert,Thiên Nham Cổ Kiếm
$asset.weapon:SnowTombedStarsilver,SnowTombedStarsilver,12411,UI_EquipIcon_Claymore_Dragonfell,weaponDecarabian,Snow-Tombed Starsilver,雪葬的星银,雪葬的星銀,雪葬の星銀,설장의 성은,Tombe-neige en argétoile,Argento astrale delle nevi,Заснеженное звёздное серебро,Unter Schnee begrabenes Sternsilber,Tuyết Vùi Tinh Ngân
$asset.weapon:LuxuriousSeaLord,LuxuriousSeaLord,12412,UI_EquipIcon_Claymore_MillenniaTuna,weaponAerosiderite,Luxurious Sea-Lord,衔珠海皇,銜珠海皇,銜玉の海皇,진주를 문 해황,Illustre seigneur des mers,Sovrano marino,Благодатный владыка вод,Luxuriöser Seekönig,Vua Biển Hàng Hiệu
$asset.weapon:KatsuragikiriNagamasa,KatsuragikiriNagamasa,12414,UI_EquipIcon_Claymore_Bakufu,weaponNarukami,Katsuragikiri Nagamasa,桂木斩长正,桂木斬長正,桂木斬長正,카츠라기를 벤 나가마사,Espadon de Nagamasa,Katsuragikiri Nagamasa,Кацурагикири Нагамаса,Katsuragikiri Nagamasa,Trường Đao Katsuragi
$asset.weapon:MakhairaAquamarine,MakhairaAquamarine,12415,UI_EquipIcon_Claymore_Pleroma,weaponScorchingMight,Makhaira Aquamarine,玛海菈的水色,瑪海菈的水色,マカイラの水色,물빛 마카이라,Aigue-marine de Makhaira,Acquamarina di Makhaira,Аквамарин Махайры,Makhaira-Aquamarin,Sắc Nước Makhaira
$asset.weapon:Akuoumaru,Akuoumaru,12416,UI_EquipIcon_Claymore_Maria,weaponDistantSea,Akuoumaru,恶王丸,惡王丸,惡王丸,아쿠오마루,Akuoumaru,Spada di Akuou,Акуомару,Akuoumaru,Akuoumaru
$asset.weapon:ForestRegalia,ForestRegalia,12417,UI_EquipIcon_Claymore_Arakalari,weaponTalisman,Forest Regalia,森林王器,森林王器,森林のレガリア,숲의 리게일리어,Apparat de la forêt,Gloria della foresta,Регалия леса,Waldkönigsschwert,Vương Khí Rừng Sâu
$asset.weapon:MailedFlower,MailedFlower,12418,UI_EquipIcon_Claymore_Fleurfair,weaponGladiator,Mailed Flower,饰铁之花,飾鐵之花,鉄彩の花,꽃 장식 대검,Fleur de mailles,Fiore corazzato,Цветок в латах,Eiserne Blume,Đóa Hoa Tôn Màu Thép
$asset.weapon:TalkingStick,TalkingStick,12424,UI_EquipIcon_Claymore_BeastTamer,weaponOasisGarden,Talking Stick,聊聊棒,聊聊棒,話死合い棒,대화봉,Bâton bavard,Bastone parlante,Говорящая палица,Lass uns reden,Gậy Đàm Phán
$asset.weapon:TidalShadow,TidalShadow,12425,UI_EquipIcon_Claymore_Vorpal,weaponPristineSea,Tidal Shadow,浪影阔剑,浪影闊劍,タイダル·シャドー,파도 그림자 대검,Ombre tidale,Mareombra,Тень волны,Gezeitenschatten,Bóng Tối Thủy Triều
$asset.weapon:UltimateOverloardsMegaMagicSword,UltimateOverloardsMegaMagicSword,12426,UI_EquipIcon_Claymore_Champion,weaponPristineSea,Ultimate Overlord's Mega Magic Sword,究极霸王超级魔剑,究極霸王超級魔劍,究極覇王スーパー魔剣,궁극의 패왕 특급 마검,Méga épée magique du suzerain ultime,Spada magica del Super Signore Supremo,Магический супермеч высшего владыки,Megamagisches Schwert des ultimativen Oberherrn,Bá Vương Tối Thượng Siêu Cấp Ma Kiếm
$asset.weapon:PortablePowerSaw,PortablePowerSaw,12427,UI_EquipIcon_Claymore_Mechanic,weaponPristineSea,Portable Power Saw,便携动力锯,便攜動力鋸,携帯型チェーンソー,휴대용 체인톱,Scie électrique portative,Sega elettrica portatile,Переносная мотопила,Tragbare motorisierte Säge,Máy Cưa Cầm Tay
$asset.weapon:EarthShaker,EarthShaker,12431,UI_EquipIcon_Claymore_Isikhulu,weaponSacrificialHeart,Earth Shaker,撼地者,撼地者,アースシェイカー,대지를 울리는 자,Trembleur de terre,Sisma,Сотрясающий землю,Bebenmacher,Đao Chấn Động
$asset.weapon:SkywardPride,SkywardPride,12501,UI_EquipIcon_Claymore_Dvalin,weaponBorealWolf,Skyward Pride,天空之傲,天空之傲,天空の傲,천공의 긍지,Fierté de la Voûte d'Azur,Orgoglio celeste,Небесное величие,Stolz des Himmels,Thiên Không Kiêu Ngạo
$asset.weapon:WolfsGravestone,WolfsGravestone,12502,UI_EquipIcon_Claymore_Wolfmound,weaponGladiator,Wolf's Gravestone,狼的末路,狼的末路,狼の末路,늑대의 말로,Mort-du-loup,Trapasso ululante,Волчья погибель,Wolfsgrab,Đường Cùng Của Sói
$asset.weapon:SongOfBrokenPines,SongOfBrokenPines,12503,UI_EquipIcon_Claymore_Widsith,weaponDecarabian,Song of Broken Pines,松籁响起之时,松籟響起之時,松韻の響く頃,송뢰가 울릴 무렵,Ode au chant du vent,Canzone silvestre,Песнь разбитых сосен,Kiefernklang,Tiếng Gió Trong Rừng Thông
$asset.weapon:TheUnforged,TheUnforged,12504,UI_EquipIcon_Claymore_Kunwu,weaponElixir,The Unforged,无工之剑,無工之劍,無工の剣,무공의 검,Lame brute,Spadone grezzo,Некованый,Grobes Schwert,Kiếm Vô Công
$asset.weapon:RedhornStonethresher,RedhornStonethresher,12510,UI_EquipIcon_Claymore_Itadorimaru,weaponNarukami,Redhorn Stonethresher,赤角石溃杵,赤角石潰杵,赤角石塵滅砕,쇄석의 붉은 뿔,Brise-pierre de corne rouge,Spaccarocce Cornorosso,Краснорогий камнеруб,Rothorn-Steinbrecher,Xích Giác Phá Thạch Đao
$asset.weapon:BeaconOfTheReedSea,BeaconOfTheReedSea,12511,UI_EquipIcon_Claymore_Deshret,weaponScorchingMight,Beacon of the Reed Sea,苇海信标,葦海信標,葦海の標,갈대 바다의 등대,Balise de la mer de roseaux,Faro del Mare dei Giunchi,Маяк тростникового моря,Schilfmeer-Bake,Hải Đăng Bờ Biển Lau
$asset.weapon:ConsideredJudgement,ConsideredJudgement,12512,UI_EquipIcon_Claymore_GoldenVerdict,weaponAncientChord,Considered Judgment,裁断,裁斷,裁断,판단,Condamneur,Giudizio ponderato,Обдуманное суждение,Abgewogenes Urteil,Lời Phán Quyết
$asset.weapon:FangOfTheMountainKing,FangOfTheMountainKing,12513,UI_EquipIcon_Claymore_EmeraldSword,weaponSacredLord,Fang of the Mountain King,山王长牙,山王長牙,山の王の長牙,산왕의 엄니,Croc du roi de la montagne,Zanna del Re della Montagna,Клык Горного короля,Zahn des Bergkönigs,Nanh Sơn Vương
$asset.weapon:BeginnersProtector,BeginnersProtector,13101,UI_EquipIcon_Pole_Gewalt,weaponGladiator,Beginner's Protector,新手长枪,新手長槍,新米の長槍,초보자의 장창,Lance du débutant,Lancia del principiante,Копьё новичка,Anfängerlanze,Thương Tân Thủ
$asset.weapon:IronPoint,IronPoint,13201,UI_EquipIcon_Pole_Rod,weaponGladiator,Iron Point,铁尖枪,鐵尖槍,鉄尖槍,철촉창,Pointe de fer,Punta di ferro,Железный наконечник,Eisenlanze,Thương Sắt
$asset.weapon:WhiteTassel,WhiteTassel,13301,UI_EquipIcon_Pole_Ruby,weaponGuyun,White Tassel,白缨枪,白纓槍,白纓槍,백술창,Pampille blanche,Pennacchio bianco,Белая кисть,Weiße Quaste,Thương Bạch Anh
$asset.weapon:Halberd,Halberd,13302,UI_EquipIcon_Pole_Halberd,weaponElixir,Halberd,钺矛,鉞矛,鉾槍,미늘창,Hallebarde,Alabarda,Алебарда Миллелита,Hellebarde,Thuẫn Kích
$asset.weapon:BlackTassel,BlackTassel,13303,UI_EquipIcon_Pole_Noire,weaponAerosiderite,Black Tassel,黑缨枪,黑纓槍,黒纓槍,흑술창,Pampille noire,Pennacchio nero,Чёрная кисть,Schwarze Quaste,Hắc Anh Thương
$asset.weapon:DragonsBane,DragonsBane,13401,UI_EquipIcon_Pole_Stardust,weaponElixir,Dragon's Bane,匣里灭辰,匣裡滅辰,匣中滅龍,용학살창,Fléau du dragon,Scacciadraghi,Гроза драконов,Drachenschreck,Tai Ương Của Rồng
$asset.weapon:PrototypeStarglitter,PrototypeStarglitter,13402,UI_EquipIcon_Pole_Proto,weaponAerosiderite,Prototype Starglitter,试作星镰,試作星鐮,星鎌·試作,별의 낫 프로토타입,Guisarme stellaire (prototype),Prototipo di Luce stellare,Прототип: Звёздный блеск,Sternsichel-Prototyp,Mẫu Tinh Liêm
$asset.weapon:CrescentPike,CrescentPike,13403,UI_EquipIcon_Pole_Exotic,weaponGuyun,Crescent Pike,流月针,流月針,流月の針,유월창,Pique du croissant de lune,Lancia di mezzaluna,Пика полумесяца,Mondpike,Lưu Nguyệt Châm
$asset.weapon:BlackcliffPole,BlackcliffPole,13404,UI_EquipIcon_Pole_Blackrock,weaponElixir,Blackcliff Pole,黑岩刺枪,黑岩刺槍,黒岩の突槍,흑암창,Lance de Rochenoire,Lancia di Rupenera,Черногорская пика,Schwarzsteinlanze,Thương Hắc Nham
$asset.weapon:Deathmatch,Deathmatch,13405,UI_EquipIcon_Pole_Gladiator,weaponBorealWolf,Deathmatch,决斗之枪,決鬥之槍,死闘の槍,결투의 창,Scion de la victoire,Lancia del duello,Смертельный бой,Duelllanze,Thương Quyết Chiến
$asset.weapon:LithicSpear,LithicSpear,13406,UI_EquipIcon_Pole_Lapis,weaponAerosiderite,Lithic Spear,千岩长枪,千岩長槍,千岩長槍,천암장창,Lance des Millelithes,Lancia litica,Каменное копьё,Millelithenlanze,Thương Thiên Nham
$asset.weapon:FavoniusLance,FavoniusLance,13407,UI_EquipIcon_Pole_Zephyrus,weaponGladiator,Favonius Lance,西风长枪,西風長槍,西風長槍,페보니우스 장창,Lance de Favonius,Lancia di Favonius,Копьё Фавония,Favonius-Lanze,Thương Tây Phong
$asset.weapon:RoyalSpear,RoyalSpear,13408,UI_EquipIcon_Pole_Theocrat,weaponElixir,Royal Spear,宗室猎枪,宗室獵槍,旧貴族猟槍,왕실의 장창,Lance de chasse royale,Lancia reale,Королевское копьё,Königlicher Jagdspeer,Thương Săn Tông Thất
$asset.weapon:DragonspineSpear,DragonspineSpear,13409,UI_EquipIcon_Pole_Everfrost,weaponBorealWolf,Dragonspine Spear,龙脊长枪,龍脊長槍,ドラゴンスピア,용의 척추,Lance Dosdragon,Lancia del Picco del Drago,Копьё Драконьего хребта,Drachengratspeer,Thương Long Tích
$asset.weapon:KitainCrossSpear,KitainCrossSpear,13414,UI_EquipIcon_Pole_Bakufu,weaponKijinMask,Kitain Cross Spear,喜多院十文字,喜多院十文字,喜多院十文字槍,키타인 십자창,Lance en croix de Kitain,Lancia crociata di Kitain,Крест-копьё Китаин,Kitain-Kreuzlanze,Giáo Thập Tự Kitain
$asset.weapon:TheCatch,TheCatch,13415,UI_EquipIcon_Pole_Mori,weaponKijinMask,The Catch,「渔获」,「漁獲」,「漁獲」,「어획」,« La prise »,La Preda,«Улов»,„Der Fang“,Lao Xiên Cá
$asset.weapon:WavebreakersFin,WavebreakersFin,13416,UI_EquipIcon_Pole_Maria,weaponKijinMask,Wavebreaker's Fin,断浪长鳍,斷浪長鰭,斬波のひれ長,파도 베는 지느러미,Aileron de brise-vagues,Pinna del Frangionde,Режущий волны плавник,Wellenbrecherflosse,Vây Cá Chẻ Sóng
$asset.weapon:Moonpiercer,Moonpiercer,13417,UI_EquipIcon_Pole_Arakalari,weaponOasisGarden,Moonpiercer,贯月矢,貫月矢,ムーンピアサー,달을 꿰뚫는 화살,Perce-lune,Trafiggiluna,Пронзающий луну,Monddurchbohrer,Quán Nguyệt Thương
$asset.weapon:MissiveWindspear,MissiveWindspear,13419,UI_EquipIcon_Pole_Windvane,weaponBorealWolf,Missive Windspear,风信之锋,風信之鋒,風信の矛,날카로운 바람의 서신,Lance du vent saisonnier,Missiva del vento,Копьё послания ветров,Spitze der klingenden Winde,Mũi Nhọn Của Gió
$asset.weapon:BalladOfTheFjords,BalladOfTheFjords,13424,UI_EquipIcon_Pole_Shanty,weaponPristineSea,Ballad of the Fjords,峡湾长歌,峽灣長歌,フィヨルドの歌,협만의 노래,Ballade des fjords,Ballata dei fiordi,Баллада фьордов,Ballade der Fjorde,Khúc Ca Vịnh Hẹp
$asset.weapon:RightfulReward,RightfulReward,13425,UI_EquipIcon_Pole_Vorpal,weaponPristineSea,Rightful Reward,公义的酬报,公義的酬報,正義の報酬,공의의 보상,Récompense légitime,Equa ricompensa,Справедливая награда,Rechtmäßige Belohnung,Thù Lao Của Chính Nghĩa
$asset.weapon:DialoguesOfTheDesertSages,DialoguesOfTheDesertSages,13426,UI_EquipIcon_Pole_Caduceus,weaponTalisman,Dialogues of the Desert Sages,沙中伟贤的对答,沙中偉賢的對答,砂中の賢者達の問答,위대한 사막 현자의 대답,Dialogues des sages du désert,Dialoghi dei saggi del deserto,Диалог пустынных мудрецов,Dialoge der Weisen der Wüste,Đối Thoại Của Hiền Giả Sa Mạc
$asset.weapon:ProspectorsDrill,ProspectorsDrill,13427,UI_EquipIcon_Pole_Mechanic,weaponAncientChord,Prospector's Drill,勘探钻机,勘探鑽機,プロスペクタードリル,탐사용 드릴,Foret de prospecteur,Trivella mineraria,Бур рудоискателя,Erkundungsbohrer,Mũi Khoan Thăm Dò
$asset.weapon:FootprintOfTheRainbow,FootprintOfTheRainbow,13431,UI_EquipIcon_Pole_Isikhulu,weaponSacredLord,Footprint of the Rainbow,虹的行迹,虹的行跡,虹の行方,무지개의 행적,Trace d'arc-en-ciel,Orme iridate,След радуги,Spuren des Regenbogens,Vết Tích Cầu Vồng
$asset.weapon:StaffOfHoma,StaffOfHoma,13501,UI_EquipIcon_Pole_Homa,weaponAerosiderite,Staff of Homa,护摩之杖,護摩之杖,護摩の杖,호마의 지팡이,Bâton de Homa,Bastone di Homa,Посох Хомы,Homa-Stab,Trượng Hộ Ma
$asset.weapon:SkywardSpine,SkywardSpine,13502,UI_EquipIcon_Pole_Dvalin,weaponGladiator,Skyward Spine,天空之脊,天空之脊,天空の脊,천공의 마루,Berge de la Voûte d'Azur,Lancia d'osso celeste,Небесная ось,Himmelsgrat,Xương Sống Thiên Không
$asset.weapon:VortexVanquisher,VortexVanquisher,13504,UI_EquipIcon_Pole_Kunwu,weaponAerosiderite,Vortex Vanquisher,贯虹之槊,貫虹之槊,破天の槍,관홍의 창,Perceur prismatique,Squarciavortice,Покоритель вихря,Regenbogenstecher,Giáo Nịnh Thần
$asset.weapon:PrimordialJadeWingedSpear,PrimordialJadeWingedSpear,13505,UI_EquipIcon_Pole_Morax,weaponGuyun,Primordial Jade Winged-Spear,和璞鸢,和璞鳶,和璞鳶,화박연,Lance de jade ailée,Lancia di giada primordiale,Нефритовый коршун,Urzeitlicher Jadespeer,Hòa Phác Diên
$asset.weapon:CalamityQueller,CalamityQueller,13507,UI_EquipIcon_Pole_Santika,weaponElixir,Calamity Queller,息灾,息災,息災,식재,Étouffeur de calamités,Flagello delle calamità,Усмиритель бед,Ende des Unheils,Hủy Diệt
$asset.weapon:EngulfingLightning,EngulfingLightning,13509,UI_EquipIcon_Pole_Narukami,weaponKijinMask,Engulfing Lightning,薙草之稻光,薙草之稻光,草薙の稲光,예초의 번개,Lumière du faucheur,Fulmine fagocitante,Сияющая жатва,Grasschnittstrahl,Đoạn Thảo Trường Đao
$asset.weapon:StaffOfTheScarletSands,StaffOfTheScarletSands,13511,UI_EquipIcon_Pole_Deshret,weaponOasisGarden,Staff of the Scarlet Sands,赤沙之杖,赤沙之杖,赤砂の杖,적색 사막의 지팡이,Bâton des sables écarlates,Bastone delle sabbie scarlatte,Посох алых песков,Stab der roten Sande,Quyền Trượng Cát Đỏ
$asset.weapon:CrimsonMoonSemblance,CrimsonMoonSemblance,13512,  UI_EquipIcon_Pole_BloodMoon,weaponPristineSea,Crimson Moon's Semblance,赤月之形,赤月之形,赤月のシルエット,붉은 달의 형상,Semblance de la lune écarlate,Forma della Luna cremisi,Очертания алой луны,Form des scharlachroten Mondes,Hình Thái Xích Nguyệt
$asset.weapon:LumidouceElegy,LumidouceElegy,13513,UI_EquipIcon_LumidouceElegy,weaponPristineSea,Lumidouce Elegy,柔灯挽歌,柔燈輓歌,ルミドゥースの挽歌,등방울꽃의 애가,Élégie de Lumidouce,Elegia di Lumidouce,Элегия Люмидус,Lumidouce-Elegie,Bi Ca Lumidouce
$asset.weapon:ApprenticesNotes,ApprenticesNotes,14101,UI_EquipIcon_Catalyst_Apprentice,weaponDecarabian,Apprentice's Notes,学徒笔记,學徒筆記,生徒ノート,학도의 노트,Notes de l'apprenti,Appunti dell'apprendista,Записи ученика,Aufzeichnungen eines Lehrlings,Nhật Ký Học Sinh
$asset.weapon:PocketGrimoire,PocketGrimoire,14201,UI_EquipIcon_Catalyst_Pocket,weaponDecarabian,Pocket Grimoire,口袋魔导书,口袋魔導書,ポケット魔導書,포켓 주술서,Grimoire de poche,Grimorio tascabile,Карманный гримуар,Taschenzauberbuch,Sổ Tay Ma Pháp
$asset.weapon:MagicGuide,MagicGuide,14301,UI_EquipIcon_Catalyst_Intro,weaponDecarabian,Magic Guide,魔导绪论,魔導緒論,魔導緒論,마도 서론,Guide de magie,Manuale di magia,Руководство по магии,Magieführer,Tóm Tắt Ma Pháp
$asset.weapon:ThrillingTalesOfDragonSlayers,ThrillingTalesOfDragonSlayers,14302,UI_EquipIcon_Catalyst_Pulpfic,weaponBorealWolf,Thrilling Tales of Dragon Slayers,讨龙英杰谭,討龍英傑譚,龍殺しの英傑譚,드래곤 슬레이어 영웅담,Histoire des chasseurs de dragon,Epiche gesta degli Ammazzadraghi,Эпос о драконоборцах,Von den Heldentaten der Drachenbezwinger,Câu Chuyện Diệt Rồng
$asset.weapon:OtherworldlyStory,OtherworldlyStory,14303,UI_EquipIcon_Catalyst_Lightnov,weaponGladiator,Otherworldly Story,异世界行记,異世界行記,異世界旅行記,이세계 여행기,Conte d'un autre monde,Storie dell'altro mondo,Потусторонняя история,Geschichten einer anderen Welt,Tiểu Thuyết Dị Giới
$asset.weapon:EmeraldOrb,EmeraldOrb,14304,UI_EquipIcon_Catalyst_Jade,weaponGuyun,Emerald Orb,翡玉法球,翡玉法球,翡玉法珠,비취 오브,Orbe jadien,Sfera smeraldina,Изумрудный шар,Jadekugel,Quả Cầu Ngọc
$asset.weapon:TwinNephrite,TwinNephrite,14305,UI_EquipIcon_Catalyst_Phoney,weaponElixir,Twin Nephrite,甲级宝珏,甲級寶玨,特級の宝玉,1급 보옥,Néphrite jumelle,Nefrite gemella,Парный нефрит,Zwillingsnephrit,Ngọc Sinh Đôi
$asset.weapon:FavoniusCodex,FavoniusCodex,14401,UI_EquipIcon_Catalyst_Zephyrus,weaponDecarabian,Favonius Codex,西风秘典,西風秘典,西風秘典,페보니우스 비전,Code de Favonius,Codice di Favonius,Кодекс Фавония,Favonius-Kodex,Tây Phong Mật Điển
$asset.weapon:TheWidsith,TheWidsith,14402,UI_EquipIcon_Catalyst_Troupe,weaponBorealWolf,The Widsith,流浪乐章,流浪樂章,流浪楽章,음유시인의 악장,Mouvement vagabond,Sinfonia errante,Песнь странника,Landstreichernoten,Chương Nhạc Lang Thang
$asset.weapon:SacrificialFragments,SacrificialFragments,14403,UI_EquipIcon_Catalyst_Fossil,weaponGladiator,Sacrificial Fragments,祭礼残章,祭禮殘章,祭礼の断片,제례의 악장,Mémoires de rituels,Frammenti sacrificali,Церемониальные мемуары,Opferrituale,Mảnh Chương Tế Lễ
$asset.weapon:RoyalGrimoire,RoyalGrimoire,14404,UI_EquipIcon_Catalyst_Theocrat,weaponDecarabian,Royal Grimoire,宗室秘法录,宗室秘法錄,旧貴族秘法録,왕실의 비전록,Grimoire royal,Grimorio reale,Королевский гримуар,Königliches Zauberbuch,Mật Pháp Tông Thất
$asset.weapon:SolarPearl,SolarPearl,14405,UI_EquipIcon_Catalyst_Resurrection,weaponGuyun,Solar Pearl,匣里日月,匣裡日月,匣中日月,일월의 정수,Perle solaire,Perla solare,Солнечная жемчужина,Sonne und Mond,Nhật Nguyệt Hạp
$asset.weapon:PrototypeAmber,PrototypeAmber,14406,UI_EquipIcon_Catalyst_Proto,weaponElixir,Prototype Amber,试作金珀,試作金珀,金珀·試作,황금 호박 프로토타입,Malice (prototype),Prototipo d'ambra,Прототип: Янтарь,Bernstein-Prototyp,Mẫu Kim Phách
$asset.weapon:MappaMare,MappaMare,14407,UI_EquipIcon_Catalyst_Exotic,weaponAerosiderite,Mappa Mare,万国诸海图谱,萬國諸海圖譜,万国諸海の図譜,만국 항해용해도,Atlas des terres et des mers,Mappa mare,Морской атлас,Illustrationen von Landen und Wassern,Hải Đồ Vạn Quốc
$asset.weapon:BlackcliffAgate,BlackcliffAgate,14408,UI_EquipIcon_Catalyst_Blackrock,weaponGuyun,Blackcliff Agate,黑岩绯玉,黑岩緋玉,黒岩の緋玉,흑암 홍옥,Agate de Rochenoire,Agata di Rupenera,Черногорский агат,Schwarzstein-Achat,Hắc Nham Phỉ Ngọc
$asset.weapon:EyeOfPerception,EyeOfPerception,14409,UI_EquipIcon_Catalyst_Truelens,weaponElixir,Eye of Perception,昭心,昭心,昭心,소심,Œil de la perception,Occhio della percezione,Око сознания,Herzensblick,Chiêu Tâm
$asset.weapon:WineAndSong,WineAndSong,14410,UI_EquipIcon_Catalyst_Outlaw,weaponBorealWolf,Wine and Song,暗巷的酒与诗,暗巷的酒與詩,ダークアレイの酒と詩,뒷골목의 술과 시,Vins et chants,Vino e musica,Вино и песни,Wein und Gesang in den Gassen,Rượu Và Thơ Nơi Hẻm Tối
$asset.weapon:Frostbearer,Frostbearer,14412,UI_EquipIcon_Catalyst_Everfrost,weaponGladiator,Frostbearer,忍冬之果,忍冬之果,冬忍びの実,인동의 열매,Fruit du permafrost,Serbagelo,Плод вечной мерзлоты,Permafrostfrucht,Trái Chịu Lạnh
$asset.weapon:DodocoTales,DodocoTales,14413,UI_EquipIcon_Catalyst_Ludiharpastum,weaponBorealWolf,Dodoco Tales,嘟嘟可故事集,嘟嘟可故事集,ドドコの物語,도도코 이야기집,Contes de Dodoco,Fiabe di Dodoco,Истории Додоко,Dodoco-Geschichten,Tuyển tập các câu chuyện về Dodoco
$asset.weapon:HakushinRing,HakushinRing,14414,UI_EquipIcon_Catalyst_Bakufu,weaponDistantSea,Hakushin Ring,白辰之环,白辰之環,白辰の輪,하쿠신의 고리,Anneau des Hakushin,Anello di Hakushin,Кольцо Хакусин,Hakushin-Ring,Vòng Bạch Thần
$asset.weapon:OathswornEye,OathswornEye,14415,UI_EquipIcon_Catalyst_Jyanome,weaponDistantSea,Oathsworn Eye,证誓之明瞳,證誓之明瞳,誓いの明瞳,맹세의 눈동자,Œil d'assermentation,Occhio del giuramento,Око клятвы,Auge des Gelöbnisses,Con Ngươi Tuyên Thệ
$asset.weapon:WanderingEvenstar,WanderingEvenstar,14416,UI_EquipIcon_Catalyst_Pleroma,weaponOasisGarden,Wandering Evenstar,流浪的晚星,流浪的晚星,彷徨える星,방랑하는 저녁별,Étoile du soir errante,Astro del vespro errante,Скитающаяся звезда,Wandernder Abendstern,Sao Đêm Rong Ruổi
$asset.weapon:FruitOfFulfillment,FruitOfFulfillment,14417,UI_EquipIcon_Catalyst_Arakalari,weaponOasisGarden,Fruit of Fulfillment,盈满之实,盈滿之實,満悦の実,충만의 열매,Le fruit de l'accomplissement,Frutto della sazietà,Плод восполнения,Vollmondfrucht,Quả Mọng
$asset.weapon:SacrificialJade,SacrificialJade,14424,UI_EquipIcon_Catalyst_Yue,weaponGuyun,Sacrificial Jade,遗祀玉珑,遺祀玉瓏,古祠の瓏,제사의 옥,Jade sacrificiel,Giada sacrificale,Жертвенный нефрит,Zeremonielle Jade,Ngọc Bích Hiến Tế
$asset.weapon:FlowingPurity,FlowingPurity,14425,UI_EquipIcon_Catalyst_Vorpal,weaponDewdrop,Flowing Purity,纯水流华,純水流華,純水流華,순수한 달빛 물결,Pureté fluide,Corrente d'acqua pura,Сверкание чистых вод,Fließende Reinheit,Dòng Chảy Tinh Khiết
$asset.weapon:BalladOfTheBoundlessBlue,BalladOfTheBoundlessBlue,14426,UI_EquipIcon_Catalyst_DandelionPoem,weaponBorealWolf,Ballad of the Boundless Blue,无垠蔚蓝之歌,無垠蔚藍之歌,果てなき紺碧の唄,끝없는 쪽빛의 노래,Ballade d'un azur infini,Ballata del blu sempiterno,Песнь необъятной лазури,Ballade des unendlichen Blaus,Khúc Ca Xanh Bao La
$asset.weapon:AshGravenDrinkingHorn,AshGravenDrinkingHorn,14427,UI_EquipIcon_Catalyst_ConchSprayer,weaponNightWind,Ash-Graven Drinking Horn,苍纹角杯,蒼紋角杯,蒼紋の角杯,푸른 문양 뿔잔,Corne à boire cendrée,Corno cinereo,Пепельный рог,Aschgraues Trinkhorn,Sừng Rượu Vân Xanh
$asset.weapon:RingOfYaxche,RingOfYaxche,14431,UI_EquipIcon_Catalyst_Isikhulu,weaponSacredLord,Ring of Yaxche,木棉之环,木棉之環,ヤシュチェの環,약스체의 고리,Anneau de Yaxche,Anello di Yaxche,Кольцо Яшче,Yaxche-Ring,Vòng Yaxche
$asset.weapon:SkywardAtlas,SkywardAtlas,14501,UI_EquipIcon_Catalyst_Dvalin,weaponBorealWolf,Skyward Atlas,天空之卷,天空之卷,天空の巻,천공의 두루마리,Atlas de la Voûte d'Azur,Atlante celeste,Небесный атлас,Himmelsatlas,Quyển Thiên Không
$asset.weapon:LostPrayerToTheSacredWinds,LostPrayerToTheSacredWinds,14502,UI_EquipIcon_Catalyst_Fourwinds,weaponGladiator,Lost Prayer to the Sacred Winds,四风原典,四風原典,四風原典,사풍 원서,L'origine des Quatre Vents,Origine dei venti sacri,Молитва святым ветрам,Gebete der Vier Winde,Điển Tích Tây Phong
$asset.weapon:MemoryOfDust,MemoryOfDust,14504,UI_EquipIcon_Catalyst_Kunwu,weaponAerosiderite,Memory of Dust,尘世之锁,塵世之鎖,浮世の錠,속세의 자물쇠,Chaînes mortelles,Memorie terrene,Память о пыли,Ketten des Diesseits,Khóa Trần Thế
$asset.weapon:JadefallsSplendor,JadefallsSplendor,14505,UI_EquipIcon_Catalyst_Morax,weaponGuyun,Jadefall's Splendor,碧落之珑,碧落之瓏,碧落の瓏,벽락의 옥,Splendeur de l'azur,Splendore del Giadiluvio,Великолепие лазурного свода,Jadesturz-Pracht,Ngọc Bích Huy Hoàng
$asset.weapon:EverlastingMoonglow,EverlastingMoonglow,14506,UI_EquipIcon_Catalyst_Kaleido,weaponDistantSea,Everlasting Moonglow,不灭月华,不滅月華,不滅の月華,불멸의 달빛,Lueur de la lune éternelle,Luna perenne,Вечное лунное сияние,Ewiger Mondschein,Vầng Trăng Bất Diệt
$asset.weapon:KagurasVerity,KagurasVerity,14509,UI_EquipIcon_Catalyst_Narukami,weaponKijinMask,Kagura's Verity,神乐之真意,神樂之真意,神楽の真意,카구라의 진의,Vérité de Kagura,Verità della Kagura,Истина кагура,Kaguras Wahrheit,Chân Ý Của Kagura
$asset.weapon:AThousandFloatingDreams,AThousandFloatingDreams,14511,UI_EquipIcon_Catalyst_Ayus,weaponOasisGarden,A Thousand Floating Dreams,千夜浮梦,千夜浮夢,千夜に浮かぶ夢,떠오르는 천일 밤의 꿈,Mille rêves flottants,Mille sogni fluttuanti,Сновидения тысячи ночей,Fließende Träume von tausend Nächten,Cõi Mộng Ngàn Đêm
$asset.weapon:TulaytullahsRemembrance,TulaytullahsRemembrance,14512,UI_EquipIcon_Catalyst_Alaya,weaponScorchingMight,Tulaytullah's Remembrance,图莱杜拉的回忆,圖萊杜拉的回憶,トゥライトゥーラの記憶,툴레이툴라의 기억,Mémoire de Tulaytullah,Rimembranza di Tulaytullah,Воспоминания Тулайтуллы,Tulaytullahs Erinnerung,Hồi Ức Tulaytullah
$asset.weapon:CashflowSupervision,CashflowSupervision,14513,UI_EquipIcon_Catalyst_Wheatley,weaponPristineSea,Cashflow Supervision,金流监督,金流監督,凛流の監視者,현금 흐름 감독,Supervision de trésorerie,Supervisione pecuniaria,Казначейский надзор,Monetäre Aufsichtseinheit,Quản Đốc Vàng Ròng
$asset.weapon:TomeOfTheEternalFlow,TomeOfTheEternalFlow,14514,UI_EquipIcon_Catalyst_Iudex,weaponDewdrop,Tome of the Eternal Flow,万世流涌大典,萬世流湧大典,久遠流転の大典,영원히 샘솟는 법전,Tome du flux éternel,Tomo del flusso perenne,Обряд вечного течения,Lehre des ewigen Flusses,Nghi Thức Dòng Chảy Vĩnh Hằng
$asset.weapon:CranesEchoingCall,CranesEchoingCall,14515,UI_EquipIcon_Catalyst_MountainGale,weaponElixir,Crane's Echoing Call,鹤鸣余音,鶴鳴餘音,鶴鳴の余韻,학의 여음,Écho de la grue,Canto della gru echeggiante,Звонкий клич журавля,Widerhallender Ruf des Kranichs,Dư Âm Tiếng Hạc
$asset.weapon:SurfsUp,SurfsUp,14516,UI_EquipIcon_Catalyst_MechaPufferfish,weaponSacrificialHeart,Surf's Up,冲浪时光,衝浪時光,サーフィンタイム,서핑 타임,Instant surfant,Vai col surf,Лови волну,Zeit fürs Wellenreiten,Thời Khắc Lướt Sóng
$asset.weapon:HuntersBow,HuntersBow,15101,UI_EquipIcon_Bow_Hunters,weaponBorealWolf,Hunter's Bow,猎弓,獵弓,狩猟弓,사냥활,Arc de chasse,Arco da caccia,Лук охотника,Jagdbogen,Cung Săn Bắn
$asset.weapon:SeasonedHuntersBow,SeasonedHuntersBow,15201,UI_EquipIcon_Bow_Old,weaponBorealWolf,Seasoned Hunter's Bow,历练的猎弓,歷練的獵弓,歴戦の狩猟弓,노련의 사냥활,Arc de chasse aguerri,Arco da caccia per esperti,Лук опытного охотника,Alter Jagdbogen,Cung Săn Bắn Tôi Luyện
$asset.weapon:RavenBow,RavenBow,15301,UI_EquipIcon_Bow_Crowfeather,weaponDecarabian,Raven Bow,鸦羽弓,鴉羽弓,鴉羽の弓,까마귀깃 활,Arc du corbeau,Arco corvino,Лук ворона,Rabenbogen,Cung Lông Quạ
$asset.weapon:SharpshootersOath,SharpshootersOath,15302,UI_EquipIcon_Bow_Arjuna,weaponBorealWolf,Sharpshooter's Oath,神射手之誓,神射手之誓,シャープシューターの誓い,신궁의 서약,Serment de l'archer,Patto del cecchino,Клятва стрелка,Eid des Scharfschützen,Lời Thề Xạ Thủ Thần
$asset.weapon:RecurveBow,RecurveBow,15303,UI_EquipIcon_Bow_Curve,weaponGladiator,Recurve Bow,反曲弓,反曲弓,リカーブボウ,곡궁,Arc courbé,Arco ricurvo,Изогнутый лук,Reflexbogen,Cung Phản Khúc
$asset.weapon:Slingshot,Slingshot,15304,UI_EquipIcon_Bow_Sling,weaponGuyun,Slingshot,弹弓,彈弓,弾弓,탄궁,Lance-pierres,Fionda,Рогатка,Steinschleuder,Nỏ Kéo
$asset.weapon:Messenger,Messenger,15305,UI_EquipIcon_Bow_Msg,weaponElixir,Messenger,信使,信使,文使い,전령,Messager,Messaggero,Посыльный,Überbringer,Tín Sứ
$asset.weapon:FavoniusWarbow,FavoniusWarbow,15401,UI_EquipIcon_Bow_Zephyrus,weaponGladiator,Favonius Warbow,西风猎弓,西風獵弓,西風猟弓,페보니우스 활,Arc de chasse de Favonius,Arco da guerra di Favonius,Боевой лук Фавония,Favonius-Jagdbogen,Cung Tây Phong
$asset.weapon:TheStringless,TheStringless,15402,UI_EquipIcon_Bow_Troupe,weaponDecarabian,The Stringless,绝弦,絕弦,絶弦,절현,Dernière corde,Monocorda,Бесструнный,Der Sehnenlose,Tuyệt Huyền
$asset.weapon:SacrificialBow,SacrificialBow,15403,UI_EquipIcon_Bow_Fossil,weaponBorealWolf,Sacrificial Bow,祭礼弓,祭禮弓,祭礼の弓,제례활,Arc rituel,Arco sacrificale,Церемониальный лук,Opferbogen,Cung Tế Lễ
$asset.weapon:RoyalBow,RoyalBow,15404,UI_EquipIcon_Bow_Theocrat,weaponGladiator,Royal Bow,宗室长弓,宗室長弓,旧貴族長弓,왕실의 장궁,Arc royal,Arco reale,Королевский лук,Königlicher Langbogen,Trường Cung Tông Thất
$asset.weapon:Rust,Rust,15405,UI_EquipIcon_Bow_Recluse,weaponGuyun,Rust,弓藏,弓藏,弓蔵,녹슨 활,Arc rouillé,Ossidazione meschina,Ржавый лук,Rostiger Bogen,Cung Rỉ Sét
$asset.weapon:PrototypeCrescent,PrototypeCrescent,15406,UI_EquipIcon_Bow_Proto,weaponElixir,Prototype Crescent,试作澹月,試作澹月,澹月·試作,담월 프로토타입,Lune paisible (prototype),Prototipo di mezzaluna,Прототип: Полумесяц,Mondschein-Prototyp,Mẫu Đạm Nguyệt
$asset.weapon:CompoundBow,CompoundBow,15407,UI_EquipIcon_Bow_Exotic,weaponAerosiderite,Compound Bow,钢轮弓,鋼輪弓,リングボウ,강철궁,Arc à poulies,Arco composto,Составной лук,Compoundbogen,Cung Thép
$asset.weapon:BlackcliffWarbow,BlackcliffWarbow,15408,UI_EquipIcon_Bow_Blackrock,weaponGuyun,Blackcliff Warbow,黑岩战弓,黑岩戰弓,黒岩の戦弓,흑암 배틀 보우,Arc de guerre de Rochenoire,Arco da guerra di Rupenera,Черногорский боевой лук,Schwarzstein-Kriegsbogen,Cung Hắc Nham
$asset.weapon:TheViridescentHunt,TheViridescentHunt,15409,UI_EquipIcon_Bow_Viridescent,weaponDecarabian,The Viridescent Hunt,苍翠猎弓,蒼翠獵弓,蒼翠の狩猟弓,청록의 사냥활,Arc de chasse verdoyant,Arco da caccia smeraldo,Зелёный лук,Grasgrüner Jagdbogen,Cung Sắc Xanh
$asset.weapon:AlleyHunter,AlleyHunter,15410,UI_EquipIcon_Bow_Outlaw,weaponGladiator,Alley Hunter,暗巷猎手,暗巷獵手,ダークアレイの狩人,뒷골목 사냥꾼,Traqueur des impasses,Cacciatore urbano,Охотник во тьме,Gassenjäger,Thợ Săn Hẻm Tối
$asset.weapon:FadingTwilight,FadingTwilight,15411,UI_EquipIcon_Bow_Fallensun,weaponAerosiderite,Fading Twilight,落霞,落霞,落霞,노을,Crépuscule couchant,Crepuscolo tenue,Гаснущие сумерки,Ausklingende Dämmerung,Lạc Hà
$asset.weapon:MitternachtsWaltz,MitternachtsWaltz,15412,UI_EquipIcon_Bow_Nachtblind,weaponDecarabian,Mitternachts Waltz,幽夜华尔兹,幽夜華爾滋,幽夜のワルツ,유야의 왈츠,Valse nocturne,Valzer notturno,Вальс Нирваны Ночи,Mitternachtswalzer,Điệu Van Ban Đêm
$asset.weapon:WindblumeOde,WindblumeOde,15413,UI_EquipIcon_Bow_Fleurfair,weaponGladiator,Windblume Ode,风花之颂,風花之頌,風花の頌歌,바람 꽃의 노래,Ode aux alizées,Ode al Florvento,Ода анемонии,Windblumenode,Bài Ca Hoa Gió
$asset.weapon:Hamayumi,Hamayumi,15414,UI_EquipIcon_Bow_Bakufu,weaponNarukami,Hamayumi,破魔之弓,破魔之弓,破魔の弓,파마궁,Arc d'exorcisme,Arco ammazzademoni,Хамаюми,Hamayumi,Cung Trừ Ma
$asset.weapon:Predator,Predator,15415,UI_EquipIcon_Bow_Predator,weaponNarukami,Predator,掠食者,掠食者,プレデター,포식자,Predator,Predatore,Хищник,Raubtier,Kẻ Săn Mồi
$asset.weapon:MouunsMoon,MouunsMoon,15416,UI_EquipIcon_Bow_Maria,weaponNarukami,Mouun's Moon,曚云之月,曚雲之月,曚雲の月,모운의 달,Lune de Mouun,Luna di Mouun,Луна Моун,Mouun-Mond,Ánh Trăng Mouun
$asset.weapon:KingsSquire,KingsSquire,15417,UI_EquipIcon_Bow_Arakalari,weaponScorchingMight,King's Squire,王下近侍,王下近侍,王の近侍,왕의 측근,Le valet du roi,Scudiere del re,Приближённый короля,Gefolgsfrau des Königs,Cận Vệ Nhà Vua
$asset.weapon:EndOfTheLine,EndOfTheLine,15418,UI_EquipIcon_Bow_Fin,weaponScorchingMight,End of the Line,竭泽,竭澤,竭沢,메마른 연못,Chalutier,Pesce da lenza,Иссушитель,Schwertfischer,Sông Cạn
$asset.weapon:IbisPiercer,IbisPiercer,15419,UI_EquipIcon_Bow_Ibis,weaponTalisman,Ibis Piercer,鹮穿之喙,䴉穿之喙,トキの嘴,꿰뚫는 따오기 부리,Perceur d'ibis,Becco d'ibis,Клюв ибиса,Durchdringer der Ibisse,Mỏ Cò Xuyên Thấu
$asset.weapon:ScionOfTheBlazingSun,ScionOfTheBlazingSun,15424,UI_EquipIcon_Bow_Gurabad,weaponScorchingMight,Scion of the Blazing Sun,烈阳之嗣,烈陽之嗣,烈日の後嗣,뜨거운 태양의 후손,Descendant du soleil flamboyant,Erede del sole ardente,Наследник слепящего солнца,Spross der flammenden Sonne,Hậu Duệ Mặt Trời
$asset.weapon:SongOfStillness,SongOfStillness,15425,UI_EquipIcon_Bow_Vorpal,weaponAncientChord,Song of Stillness,静谧之曲,靜謐之曲,静寂の唄,고요한 노래,Chant de quiétude,Canto del silenzio,Мелодия покоя,Gesang der Stille,Khúc Ca Tĩnh Lặng
$asset.weapon:Cloudforged,Cloudforged,15426,UI_EquipIcon_Bow_Ultimatum,weaponAerosiderite,Cloudforged,筑云,築雲,築雲,축운,Nimbus-forgé,Forgianuvole,Выкованный из облаков,Wolkenweber,Trúc Vân
$asset.weapon:RangeGauge,RangeGauge,15427,UI_EquipIcon_Bow_Mechanic,weaponAncientChord,Range Gauge,测距规,測距規,レンジゲージ,거리 측정기,Jauge de portée,Indicatore distanziometrico,Дальномер,Entfernungsmesser,Máy Đo Cự Ly
$asset.weapon:ChainBreaker,ChainBreaker,15431,UI_EquipIcon_Bow_Isikhulu,weaponNightWind,Chain Breaker,碎链,碎鏈,チェーンブレイカー,사슬 파괴자,Brise-chaîne,Spezzacatene,Разбивающий цепи,Zersprungene Ketten,Phá Xích
$asset.weapon:SkywardHarp,SkywardHarp,15501,UI_EquipIcon_Bow_Dvalin,weaponBorealWolf,Skyward Harp,天空之翼,天空之翼,天空の翼,천공의 날개,Ailes de la Voûte d'Azur,Arpa celeste,Небесное крыло,Himmelsflügel,Cánh Thiên Không
$asset.weapon:AmosBow,AmosBow,15502,UI_EquipIcon_Bow_Amos,weaponGladiator,Amos' Bow,阿莫斯之弓,阿莫斯之弓,アモスの弓,아모스의 활,Arc d'Amos,Arco di Amos,Лук Амоса,Amos’ Bogen,Cung Amos
$asset.weapon:ElegyForTheEnd,ElegyForTheEnd,15503,UI_EquipIcon_Bow_Widsith,weaponBorealWolf,Elegy for the End,终末嗟叹之诗,終末嗟嘆之詩,終焉を嘆く詩,종말 탄식의 노래,Ultime soupir,Elegia finale,Элегия погибели,Letzter Seufzer,Tiếng Thở Dài Vô Tận
$asset.weapon:PolarStar,PolarStar,15507,UI_EquipIcon_Bow_Worldbane,weaponKijinMask,Polar Star,冬极白星,冬極白星,冬極の白星,극지의 별,Étoile polaire,Stella polare,Полярная звезда,Polarstern,Ngôi Sao Cực Đông
$asset.weapon:AquaSimulacra,AquaSimulacra,15508,UI_EquipIcon_Bow_Kirin,weaponGuyun,Aqua Simulacra,若水,若水,若水,약수,Simulacre d'eau,Aqua simulacra,Аква симулякрум,Aqua Simulacra,Nhược Thủy
$asset.weapon:ThunderingPulse,ThunderingPulse,15509,UI_EquipIcon_Bow_Narukami,weaponNarukami,Thundering Pulse,飞雷之弦振,飛雷之弦振,飛雷の鳴弦,비뢰의 고동,Pulsation du tonnerre,Battito tonante,Громовой пульс,Donnerpuls,Sấm Sét Rung Động
$asset.weapon:HuntersPath,HuntersPath,15511,UI_EquipIcon_Bow_Ayus,weaponScorchingMight,Hunter's Path,猎人之径,獵人之徑,狩人の道,사냥꾼의 길,La voie du chasseur,Sentiero del cacciatore,Охотничья тропа,Pfad des Jägers,Con Đường Thợ Săn
$asset.weapon:TheFirstGreatMagic,TheFirstGreatMagic,15512,UI_EquipIcon_Bow_Pledge,weaponAncientChord,The First Great Magic,最初的大魔术,最初的大魔術,始まりの大魔術,최초의 대마술,La première grande magie,Prima grande magia,Первый великий фокус,Erste große Magie,Màn Ảo Thuật Đầu Tiên
$asset.weapon:SilverShowerHeartStrings,SilverShowerHeartStrings,15513,UI_EquipIcon_Bow_Arcdange,weaponDewdrop,Silvershower,白雨心弦,白雨心弦,白雨心弦,심금을 울리는 하얀 비,Corde de pluie blanche,Candido cuore della pioggia,Сердечные струны,Tröpfelnde Herzsaiten,Màn Mưa Tơ Lòng